conceptA,conceptB,prerequisite
Apache_Hadoop,并行编程模型,1
Apache_Hadoop,数据仓库,1
Apache_Hadoop,分布式数据库,1
Apache_Hadoop,大数据,1
Apache_Hadoop,Java,1
Apache_Hadoop,MVC,1
Apache_Hadoop,Java Servlet,0
Apache_Hadoop,JSP,1
Apache_Hadoop,软件工程 ,1
Apache_Hadoop,操作系统,1
Apache_Hadoop,文件系统,1
Apache_Hadoop,中断,1
Apache_Hadoop,虚拟机器,1
Apache_Hadoop,I/O,1
Apache_Hadoop,程序设计,1
Apache_Hadoop,C语言,1
Apache_Hadoop,软件工程,1
Apache_Hadoop,函数,1
Apache_Hadoop,数组,1
Apache_Hadoop,信息安全,1
Apache_Hadoop,软件,1
Apache_Hadoop,技术,1
Apache_Hadoop,需求 (产品开发),1
Apache_Hadoop,计算机网络,1
Apache_Hadoop,传输控制协议,1
Apache_Hadoop,互联网,1
Apache_Hadoop,用户数据报协议,1
Apache_Hadoop,局域网,1
Apache_Hadoop,计算机硬件,1
Apache_Hadoop,计算机存储器,1
Apache_Hadoop,中央处理器,1
Apache_Hadoop,指令,1
Apache_Hadoop,图论,1
Apache_Hadoop,矩阵,1
Apache_Hadoop,关系 (数学),1
Apache_Hadoop,数学模型,1
Apache_Hadoop,面向对象程序设计,1
Apache_Hadoop,C++,1
Apache_Hadoop,异常处理,1
Apache_Hadoop,函数重载,1
Apache_Hadoop,软件架构,1
Apache_Hadoop,软件设计,1
Apache_Hadoop,设计模式 (计算机),1
Apache_Hadoop,软件复用,0
Apache_Hadoop,UML,1
Apache_Hadoop,软件项目管理,1
Apache_Hadoop,项目管理,0
Apache_Hadoop,配置管理,1
Apache_Hadoop,工程管理,1
Apache_Hadoop,软件测试,1
Apache_Hadoop,单元测试,1
Apache_Hadoop,软件质量,1
Apache_Hadoop,算法,1
Apache_Hadoop,时间复杂度,1
Apache_Hadoop,数据库,1
Apache_Hadoop,计算机科学,1
Apache_Hadoop,关系数据库,1
Apache_Hadoop,SQL,1
Apache_Hadoop,关系模型,1
Apache_Hadoop,计算复杂性理论,1
Apache_Hadoop,分治法,1
Apache_Hadoop,动态规划,1
Apache_Hadoop,贪心算法,1
并行编程模型,Apache_Hadoop,0
并行编程模型,数据仓库,1
并行编程模型,分布式数据库,1
并行编程模型,大数据,1
并行编程模型,Java,1
并行编程模型,MVC,1
并行编程模型,Java Servlet,1
并行编程模型,JSP,1
并行编程模型,软件工程 ,0
并行编程模型,操作系统,1
并行编程模型,文件系统,1
并行编程模型,中断,1
并行编程模型,虚拟机器,1
并行编程模型,I/O,1
并行编程模型,程序设计,1
并行编程模型,C语言,1
并行编程模型,软件工程,1
并行编程模型,函数,1
并行编程模型,数组,1
并行编程模型,信息安全,1
并行编程模型,软件,1
并行编程模型,技术,1
并行编程模型,需求 (产品开发),1
并行编程模型,计算机网络,1
并行编程模型,传输控制协议,1
并行编程模型,互联网,1
并行编程模型,用户数据报协议,1
并行编程模型,局域网,1
并行编程模型,计算机硬件,1
并行编程模型,计算机存储器,1
并行编程模型,中央处理器,1
并行编程模型,指令,1
并行编程模型,离散数学,1
并行编程模型,图论,1
并行编程模型,矩阵,1
并行编程模型,关系 (数学),1
并行编程模型,数学模型,1
并行编程模型,面向对象程序设计,1
并行编程模型,高级语言,1
并行编程模型,C++,1
并行编程模型,异常处理,1
并行编程模型,函数重载,1
并行编程模型,流程图,1
并行编程模型,软件架构,1
并行编程模型,软件设计,1
并行编程模型,设计模式 (计算机),0
并行编程模型,软件复用,0
并行编程模型,UML,1
并行编程模型,软件项目管理,0
并行编程模型,项目管理,1
并行编程模型,配置管理,1
并行编程模型,工程管理,1
并行编程模型,软件测试,1
并行编程模型,单元测试,1
并行编程模型,软件质量,1
并行编程模型,数据结构,1
并行编程模型,算法,1
并行编程模型,时间复杂度,1
并行编程模型,数据库,1
并行编程模型,关系数据库,1
并行编程模型,关系模型,1
并行编程模型,计算复杂性理论,1
并行编程模型,分治法,1
并行编程模型,动态规划,1
并行编程模型,贪心算法,1
数据仓库,Apache_Hadoop,0
数据仓库,并行编程模型,0
数据仓库,大数据,0
数据仓库,Java,1
数据仓库,MVC,1
数据仓库,Java Servlet,1
数据仓库,JSP,1
数据仓库,软件工程 ,1
数据仓库,操作系统,1
数据仓库,文件系统,1
数据仓库,中断,1
数据仓库,虚拟机器,1
数据仓库,I/O,1
数据仓库,程序设计,1
数据仓库,C语言,1
数据仓库,软件工程,1
数据仓库,函数,1
数据仓库,数组,1
数据仓库,信息安全,1
数据仓库,软件,1
数据仓库,技术,1
数据仓库,需求 (产品开发),1
数据仓库,计算机网络,1
数据仓库,传输控制协议,1
数据仓库,互联网,1
数据仓库,用户数据报协议,1
数据仓库,局域网,1
数据仓库,计算机存储器,1
数据仓库,中央处理器,1
数据仓库,离散数学,1
数据仓库,图论,1
数据仓库,矩阵,1
数据仓库,数学模型,1
数据仓库,面向对象程序设计,1
数据仓库,高级语言,1
数据仓库,C++,1
数据仓库,异常处理,1
数据仓库,函数重载,1
数据仓库,流程图,1
数据仓库,软件架构,1
数据仓库,软件设计,1
数据仓库,设计模式 (计算机),0
数据仓库,软件复用,0
数据仓库,UML,1
数据仓库,软件项目管理,0
数据仓库,项目管理,1
数据仓库,配置管理,1
数据仓库,工程管理,1
数据仓库,软件测试,1
数据仓库,单元测试,1
数据仓库,软件质量,1
数据仓库,数据结构,1
数据仓库,算法,1
数据仓库,时间复杂度,1
数据仓库,数据库,1
数据仓库,计算机科学,1
数据仓库,关系数据库,1
数据仓库,SQL,1
数据仓库,关系模型,1
数据仓库,计算复杂性理论,1
数据仓库,分治法,1
数据仓库,动态规划,1
数据仓库,贪心算法,1
分布式数据库,Apache_Hadoop,0
分布式数据库,并行编程模型,0
分布式数据库,数据仓库,1
分布式数据库,大数据,1
分布式数据库,Java,1
分布式数据库,MVC,1
分布式数据库,Java Servlet,1
分布式数据库,JSP,1
分布式数据库,软件工程 ,1
分布式数据库,操作系统,1
分布式数据库,文件系统,1
分布式数据库,中断,1
分布式数据库,虚拟机器,1
分布式数据库,I/O,1
分布式数据库,程序设计,1
分布式数据库,C语言,1
分布式数据库,软件工程,1
分布式数据库,函数,1
分布式数据库,数组,1
分布式数据库,信息安全,1
分布式数据库,软件,1
分布式数据库,技术,1
分布式数据库,需求 (产品开发),1
分布式数据库,计算机网络,1
分布式数据库,传输控制协议,1
分布式数据库,用户数据报协议,1
分布式数据库,局域网,1
分布式数据库,计算机硬件,1
分布式数据库,计算机存储器,1
分布式数据库,中央处理器,1
分布式数据库,指令,1
分布式数据库,离散数学,1
分布式数据库,图论,1
分布式数据库,矩阵,1
分布式数据库,关系 (数学),1
分布式数据库,数学模型,1
分布式数据库,面向对象程序设计,1
分布式数据库,高级语言,1
分布式数据库,C++,1
分布式数据库,异常处理,1
分布式数据库,函数重载,1
分布式数据库,流程图,1
分布式数据库,软件设计,1
分布式数据库,设计模式 (计算机),0
分布式数据库,软件复用,0
分布式数据库,UML,1
分布式数据库,软件项目管理,0
分布式数据库,项目管理,1
分布式数据库,配置管理,1
分布式数据库,工程管理,1
分布式数据库,软件测试,1
分布式数据库,单元测试,1
分布式数据库,软件质量,1
分布式数据库,算法,1
分布式数据库,时间复杂度,1
分布式数据库,数据库,1
分布式数据库,关系数据库,1
分布式数据库,SQL,1
分布式数据库,关系模型,1
分布式数据库,计算复杂性理论,1
分布式数据库,分治法,1
分布式数据库,动态规划,1
分布式数据库,贪心算法,1
大数据,Apache_Hadoop,0
大数据,并行编程模型,0
大数据,数据仓库,1
大数据,Java,1
大数据,MVC,1
大数据,Java Servlet,1
大数据,JSP,1
大数据,软件工程 ,1
大数据,操作系统,1
大数据,文件系统,1
大数据,中断,1
大数据,虚拟机器,1
大数据,I/O,1
大数据,程序设计,1
大数据,C语言,1
大数据,软件工程,1
大数据,函数,1
大数据,数组,1
大数据,信息安全,1
大数据,软件,1
大数据,技术,1
大数据,需求 (产品开发),1
大数据,计算机网络,1
大数据,传输控制协议,1
大数据,互联网,1
大数据,用户数据报协议,1
大数据,局域网,1
大数据,计算机硬件,1
大数据,计算机存储器,1
大数据,中央处理器,1
大数据,指令,1
大数据,离散数学,1
大数据,图论,1
大数据,矩阵,1
大数据,数学模型,1
大数据,面向对象程序设计,1
大数据,高级语言,1
大数据,C++,1
大数据,函数重载,1
大数据,流程图,1
大数据,软件架构,1
大数据,软件设计,1
大数据,设计模式 (计算机),0
大数据,软件复用,0
大数据,UML,1
大数据,软件项目管理,0
大数据,项目管理,1
大数据,配置管理,1
大数据,工程管理,1
大数据,软件测试,1
大数据,单元测试,1
大数据,软件质量,1
大数据,数据结构,1
大数据,算法,1
大数据,时间复杂度,1
大数据,数据库,1
大数据,计算机科学,1
大数据,关系数据库,1
大数据,SQL,1
大数据,关系模型,1
大数据,计算复杂性理论,1
大数据,分治法,1
大数据,动态规划,1
大数据,贪心算法,1
Java,Apache_Hadoop,0
Java,并行编程模型,0
Java,数据仓库,0
Java,分布式数据库,0
Java,大数据,0
Java,MVC,0
Java,Java Servlet,0
Java,JSP,0
Java,软件工程 ,0
Java,操作系统,0
Java,文件系统,0
Java,中断,0
Java,虚拟机器,0
Java,I/O,0
Java,程序设计,1
Java,C语言,1
Java,软件工程,0
Java,函数,1
Java,数组,1
Java,信息安全,1
Java,需求 (产品开发),0
Java,计算机网络,0
Java,传输控制协议,1
Java,互联网,0
Java,用户数据报协议,0
Java,局域网,0
Java,计算机硬件,1
Java,计算机存储器,1
Java,中央处理器,1
Java,指令,1
Java,离散数学,1
Java,图论,1
Java,矩阵,1
Java,关系 (数学),1
Java,数学模型,1
Java,高级语言,1
Java,C++,1
Java,异常处理,1
Java,流程图,1
Java,软件架构,1
Java,软件设计,1
Java,设计模式 (计算机),0
Java,软件复用,0
Java,UML,0
Java,软件项目管理,1
Java,项目管理,1
Java,配置管理,1
Java,工程管理,1
Java,软件测试,1
Java,单元测试,1
Java,软件质量,1
Java,数据结构,1
Java,算法,1
Java,时间复杂度,1
Java,数据库,1
Java,计算机科学,1
Java,关系数据库,1
Java,SQL,1
Java,关系模型,1
Java,计算复杂性理论,1
Java,分治法,1
Java,动态规划,1
Java,贪心算法,1
MVC,Apache_Hadoop,0
MVC,并行编程模型,0
MVC,数据仓库,0
MVC,分布式数据库,0
MVC,大数据,0
MVC,Java,1
MVC,Java Servlet,1
MVC,JSP,0
MVC,软件工程 ,1
MVC,操作系统,1
MVC,文件系统,1
MVC,中断,1
MVC,虚拟机器,1
MVC,I/O,1
MVC,程序设计,1
MVC,软件工程,1
MVC,函数,1
MVC,数组,1
MVC,信息安全,1
MVC,软件,1
MVC,技术,1
MVC,需求 (产品开发),1
MVC,计算机网络,0
MVC,传输控制协议,1
MVC,互联网,0
MVC,用户数据报协议,0
MVC,局域网,0
MVC,计算机硬件,1
MVC,计算机存储器,1
MVC,中央处理器,1
MVC,指令,1
MVC,离散数学,1
MVC,图论,1
MVC,矩阵,1
MVC,关系 (数学),1
MVC,数学模型,1
MVC,面向对象程序设计,1
MVC,高级语言,1
MVC,C++,1
MVC,异常处理,1
MVC,函数重载,1
MVC,流程图,1
MVC,软件架构,1
MVC,软件设计,1
MVC,设计模式 (计算机),0
MVC,软件复用,0
MVC,UML,1
MVC,软件项目管理,0
MVC,项目管理,1
MVC,配置管理,1
MVC,工程管理,1
MVC,软件测试,0
MVC,单元测试,1
MVC,软件质量,1
MVC,数据结构,1
MVC,算法,1
MVC,时间复杂度,1
MVC,数据库,1
MVC,计算机科学,1
MVC,关系数据库,1
MVC,SQL,1
MVC,关系模型,1
MVC,计算复杂性理论,1
MVC,分治法,1
MVC,动态规划,1
MVC,贪心算法,1
Java Servlet,Apache_Hadoop,1
Java Servlet,并行编程模型,0
Java Servlet,数据仓库,0
Java Servlet,分布式数据库,0
Java Servlet,大数据,0
Java Servlet,Java,1
Java Servlet,MVC,0
Java Servlet,JSP,1
Java Servlet,软件工程 ,1
Java Servlet,操作系统,1
Java Servlet,中断,1
Java Servlet,虚拟机器,1
Java Servlet,I/O,1
Java Servlet,程序设计,1
Java Servlet,C语言,1
Java Servlet,软件工程,1
Java Servlet,函数,1
Java Servlet,数组,1
Java Servlet,信息安全,1
Java Servlet,软件,1
Java Servlet,技术,1
Java Servlet,需求 (产品开发),0
Java Servlet,计算机网络,0
Java Servlet,传输控制协议,1
Java Servlet,互联网,0
Java Servlet,用户数据报协议,0
Java Servlet,局域网,0
Java Servlet,计算机硬件,1
Java Servlet,计算机存储器,1
Java Servlet,中央处理器,1
Java Servlet,指令,1
Java Servlet,离散数学,1
Java Servlet,图论,1
Java Servlet,矩阵,1
Java Servlet,关系 (数学),1
Java Servlet,数学模型,1
Java Servlet,面向对象程序设计,1
Java Servlet,高级语言,1
Java Servlet,C++,1
Java Servlet,异常处理,1
Java Servlet,函数重载,1
Java Servlet,流程图,1
Java Servlet,软件架构,1
Java Servlet,软件设计,1
Java Servlet,设计模式 (计算机),0
Java Servlet,软件复用,0
Java Servlet,UML,1
Java Servlet,软件项目管理,0
Java Servlet,项目管理,1
Java Servlet,配置管理,1
Java Servlet,工程管理,1
Java Servlet,软件测试,0
Java Servlet,单元测试,1
Java Servlet,软件质量,1
Java Servlet,算法,1
Java Servlet,时间复杂度,1
Java Servlet,数据库,1
Java Servlet,计算机科学,1
Java Servlet,关系数据库,1
Java Servlet,SQL,1
Java Servlet,关系模型,1
Java Servlet,计算复杂性理论,1
Java Servlet,分治法,1
Java Servlet,动态规划,1
Java Servlet,贪心算法,1
JSP,Apache_Hadoop,0
JSP,并行编程模型,0
JSP,数据仓库,0
JSP,分布式数据库,0
JSP,大数据,0
JSP,Java,1
JSP,MVC,1
JSP,Java Servlet,0
JSP,软件工程 ,1
JSP,操作系统,1
JSP,文件系统,1
JSP,中断,1
JSP,I/O,1
JSP,程序设计,1
JSP,C语言,1
JSP,软件工程,1
JSP,函数,1
JSP,数组,1
JSP,信息安全,1
JSP,软件,1
JSP,技术,1
JSP,需求 (产品开发),0
JSP,计算机网络,0
JSP,传输控制协议,1
JSP,互联网,0
JSP,用户数据报协议,0
JSP,局域网,0
JSP,计算机硬件,1
JSP,计算机存储器,1
JSP,中央处理器,1
JSP,指令,1
JSP,离散数学,1
JSP,图论,1
JSP,矩阵,1
JSP,关系 (数学),1
JSP,数学模型,1
JSP,面向对象程序设计,1
JSP,高级语言,1
JSP,C++,1
JSP,异常处理,1
JSP,函数重载,1
JSP,流程图,1
JSP,软件架构,1
JSP,软件设计,1
JSP,设计模式 (计算机),0
JSP,软件复用,0
JSP,UML,0
JSP,软件项目管理,0
JSP,项目管理,1
JSP,配置管理,1
JSP,工程管理,1
JSP,软件测试,1
JSP,单元测试,1
JSP,软件质量,1
JSP,数据结构,1
JSP,算法,1
JSP,时间复杂度,1
JSP,数据库,1
JSP,计算机科学,1
JSP,关系数据库,1
JSP,SQL,1
JSP,关系模型,1
JSP,计算复杂性理论,1
JSP,分治法,1
JSP,动态规划,1
JSP,贪心算法,1
软件工程 ,Apache_Hadoop,0
软件工程 ,并行编程模型,1
软件工程 ,数据仓库,0
软件工程 ,分布式数据库,0
软件工程 ,大数据,0
软件工程 ,Java,1
软件工程 ,MVC,0
软件工程 ,Java Servlet,0
软件工程 ,JSP,0
软件工程 ,文件系统,1
软件工程 ,中断,1
软件工程 ,虚拟机器,1
软件工程 ,I/O,1
软件工程 ,程序设计,1
软件工程 ,函数,1
软件工程 ,数组,1
软件工程 ,软件,1
软件工程 ,技术,1
软件工程 ,需求 (产品开发),0
软件工程 ,计算机网络,1
软件工程 ,传输控制协议,0
软件工程 ,互联网,0
软件工程 ,用户数据报协议,0
软件工程 ,局域网,1
软件工程 ,计算机存储器,1
软件工程 ,中央处理器,1
软件工程 ,指令,1
软件工程 ,离散数学,1
软件工程 ,图论,1
软件工程 ,矩阵,1
软件工程 ,关系 (数学),1
软件工程 ,数学模型,1
软件工程 ,面向对象程序设计,1
软件工程 ,高级语言,1
软件工程 ,C++,1
软件工程 ,异常处理,1
软件工程 ,函数重载,1
软件工程 ,流程图,0
软件工程 ,软件架构,0
软件工程 ,软件设计,0
软件工程 ,设计模式 (计算机),0
软件工程 ,软件复用,0
软件工程 ,UML,1
软件工程 ,软件项目管理,0
软件工程 ,项目管理,0
软件工程 ,配置管理,0
软件工程 ,工程管理,0
软件工程 ,软件测试,0
软件工程 ,软件质量,0
软件工程 ,数据结构,1
软件工程 ,算法,1
软件工程 ,时间复杂度,1
软件工程 ,数据库,1
软件工程 ,计算机科学,1
软件工程 ,关系数据库,1
软件工程 ,SQL,1
软件工程 ,关系模型,1
软件工程 ,计算复杂性理论,1
软件工程 ,分治法,1
软件工程 ,动态规划,1
软件工程 ,贪心算法,1
操作系统,Apache_Hadoop,0
操作系统,并行编程模型,0
操作系统,数据仓库,0
操作系统,分布式数据库,0
操作系统,大数据,0
操作系统,Java,1
操作系统,MVC,0
操作系统,Java Servlet,0
操作系统,JSP,0
操作系统,软件工程 ,0
操作系统,文件系统,1
操作系统,中断,0
操作系统,I/O,1
操作系统,程序设计,1
操作系统,C语言,1
操作系统,软件工程,0
操作系统,函数,1
操作系统,数组,1
操作系统,信息安全,1
操作系统,软件,1
操作系统,技术,1
操作系统,需求 (产品开发),1
操作系统,计算机网络,0
操作系统,传输控制协议,0
操作系统,互联网,0
操作系统,用户数据报协议,0
操作系统,局域网,0
操作系统,计算机存储器,1
操作系统,指令,1
操作系统,离散数学,1
操作系统,图论,1
操作系统,矩阵,1
操作系统,关系 (数学),1
操作系统,数学模型,1
操作系统,面向对象程序设计,1
操作系统,高级语言,1
操作系统,C++,0
操作系统,异常处理,0
操作系统,函数重载,1
操作系统,流程图,1
操作系统,软件架构,0
操作系统,软件设计,0
操作系统,设计模式 (计算机),0
操作系统,软件复用,0
操作系统,UML,1
操作系统,项目管理,0
操作系统,配置管理,0
操作系统,软件测试,0
操作系统,单元测试,0
操作系统,软件质量,0
操作系统,数据结构,1
操作系统,算法,1
操作系统,时间复杂度,1
操作系统,数据库,1
操作系统,计算机科学,1
操作系统,关系数据库,1
操作系统,SQL,1
操作系统,关系模型,1
操作系统,计算复杂性理论,1
操作系统,分治法,1
操作系统,动态规划,1
操作系统,贪心算法,1
文件系统,Apache_Hadoop,0
文件系统,并行编程模型,0
文件系统,数据仓库,0
文件系统,分布式数据库,0
文件系统,大数据,0
文件系统,Java,1
文件系统,MVC,0
文件系统,Java Servlet,0
文件系统,JSP,0
文件系统,软件工程 ,0
文件系统,操作系统,0
文件系统,中断,1
文件系统,虚拟机器,0
文件系统,I/O,1
文件系统,程序设计,1
文件系统,C语言,1
文件系统,软件工程,1
文件系统,函数,1
文件系统,数组,1
文件系统,信息安全,1
文件系统,软件,1
文件系统,技术,1
文件系统,需求 (产品开发),1
文件系统,计算机网络,0
文件系统,传输控制协议,0
文件系统,互联网,0
文件系统,用户数据报协议,0
文件系统,局域网,0
文件系统,计算机硬件,1
文件系统,计算机存储器,1
文件系统,中央处理器,0
文件系统,指令,0
文件系统,离散数学,1
文件系统,图论,1
文件系统,矩阵,1
文件系统,关系 (数学),1
文件系统,数学模型,1
文件系统,面向对象程序设计,1
文件系统,高级语言,1
文件系统,C++,0
文件系统,异常处理,0
文件系统,函数重载,1
文件系统,流程图,1
文件系统,软件架构,0
文件系统,软件设计,0
文件系统,设计模式 (计算机),0
文件系统,软件复用,1
文件系统,UML,1
文件系统,软件项目管理,0
文件系统,项目管理,0
文件系统,配置管理,0
文件系统,工程管理,0
文件系统,软件测试,0
文件系统,单元测试,1
文件系统,软件质量,0
文件系统,数据结构,1
文件系统,算法,1
文件系统,时间复杂度,1
文件系统,数据库,0
文件系统,计算机科学,1
文件系统,关系数据库,1
文件系统,SQL,1
文件系统,关系模型,1
文件系统,计算复杂性理论,1
文件系统,分治法,1
文件系统,动态规划,1
文件系统,贪心算法,1
中断,Apache_Hadoop,0
中断,并行编程模型,0
中断,数据仓库,0
中断,分布式数据库,0
中断,大数据,0
中断,Java,1
中断,MVC,0
中断,Java Servlet,0
中断,JSP,0
中断,软件工程 ,0
中断,操作系统,1
中断,文件系统,0
中断,虚拟机器,1
中断,I/O,1
中断,程序设计,1
中断,C语言,0
中断,软件工程,1
中断,函数,1
中断,数组,1
中断,信息安全,1
中断,软件,1
中断,技术,1
中断,需求 (产品开发),1
中断,计算机网络,0
中断,传输控制协议,0
中断,互联网,0
中断,用户数据报协议,0
中断,局域网,0
中断,计算机硬件,1
中断,计算机存储器,1
中断,中央处理器,0
中断,指令,1
中断,离散数学,1
中断,图论,1
中断,矩阵,1
中断,关系 (数学),1
中断,数学模型,1
中断,面向对象程序设计,1
中断,高级语言,1
中断,C++,1
中断,异常处理,0
中断,函数重载,1
中断,流程图,1
中断,软件架构,1
中断,软件设计,1
中断,设计模式 (计算机),1
中断,软件复用,0
中断,UML,1
中断,软件项目管理,1
中断,项目管理,1
中断,配置管理,1
中断,工程管理,1
中断,软件测试,0
中断,单元测试,0
中断,软件质量,1
中断,数据结构,1
中断,算法,1
中断,时间复杂度,1
中断,数据库,1
中断,计算机科学,1
中断,关系数据库,1
中断,SQL,1
中断,关系模型,1
中断,计算复杂性理论,1
中断,分治法,1
中断,动态规划,1
中断,贪心算法,1
虚拟机器,Apache_Hadoop,0
虚拟机器,并行编程模型,0
虚拟机器,数据仓库,0
虚拟机器,分布式数据库,0
虚拟机器,大数据,0
虚拟机器,Java,1
虚拟机器,MVC,0
虚拟机器,Java Servlet,0
虚拟机器,JSP,0
虚拟机器,软件工程 ,0
虚拟机器,操作系统,0
虚拟机器,文件系统,1
虚拟机器,中断,0
虚拟机器,I/O,1
虚拟机器,程序设计,1
虚拟机器,C语言,1
虚拟机器,软件工程,1
虚拟机器,函数,1
虚拟机器,数组,1
虚拟机器,信息安全,1
虚拟机器,软件,1
虚拟机器,技术,1
虚拟机器,需求 (产品开发),1
虚拟机器,计算机网络,0
虚拟机器,传输控制协议,0
虚拟机器,互联网,0
虚拟机器,用户数据报协议,0
虚拟机器,局域网,0
虚拟机器,计算机硬件,1
虚拟机器,计算机存储器,1
虚拟机器,中央处理器,1
虚拟机器,离散数学,1
虚拟机器,图论,1
虚拟机器,矩阵,1
虚拟机器,关系 (数学),1
虚拟机器,数学模型,1
虚拟机器,面向对象程序设计,1
虚拟机器,高级语言,1
虚拟机器,C++,1
虚拟机器,异常处理,0
虚拟机器,函数重载,1
虚拟机器,流程图,1
虚拟机器,软件架构,1
虚拟机器,软件设计,1
虚拟机器,设计模式 (计算机),0
虚拟机器,软件复用,0
虚拟机器,UML,1
虚拟机器,软件项目管理,1
虚拟机器,项目管理,1
虚拟机器,配置管理,0
虚拟机器,工程管理,0
虚拟机器,软件测试,1
虚拟机器,单元测试,1
虚拟机器,软件质量,1
虚拟机器,数据结构,1
虚拟机器,算法,1
虚拟机器,时间复杂度,1
虚拟机器,数据库,1
虚拟机器,计算机科学,1
虚拟机器,关系数据库,1
虚拟机器,SQL,1
虚拟机器,关系模型,1
虚拟机器,计算复杂性理论,1
虚拟机器,分治法,1
虚拟机器,动态规划,1
虚拟机器,贪心算法,1
I/O,Apache_Hadoop,0
I/O,并行编程模型,0
I/O,数据仓库,0
I/O,分布式数据库,0
I/O,大数据,0
I/O,Java,1
I/O,MVC,0
I/O,Java Servlet,0
I/O,JSP,0
I/O,软件工程 ,0
I/O,文件系统,0
I/O,中断,0
I/O,虚拟机器,0
I/O,程序设计,1
I/O,C语言,1
I/O,软件工程,1
I/O,函数,1
I/O,数组,1
I/O,软件,1
I/O,技术,1
I/O,需求 (产品开发),1
I/O,计算机网络,0
I/O,传输控制协议,0
I/O,互联网,0
I/O,用户数据报协议,0
I/O,局域网,0
I/O,计算机硬件,0
I/O,计算机存储器,0
I/O,中央处理器,0
I/O,指令,0
I/O,离散数学,1
I/O,图论,1
I/O,矩阵,1
I/O,关系 (数学),1
I/O,数学模型,1
I/O,面向对象程序设计,1
I/O,高级语言,1
I/O,C++,1
I/O,异常处理,0
I/O,函数重载,1
I/O,流程图,1
I/O,软件架构,1
I/O,软件设计,0
I/O,设计模式 (计算机),0
I/O,软件复用,0
I/O,UML,1
I/O,软件项目管理,0
I/O,项目管理,0
I/O,配置管理,1
I/O,工程管理,1
I/O,软件测试,0
I/O,单元测试,0
I/O,软件质量,1
I/O,数据结构,1
I/O,算法,1
I/O,时间复杂度,1
I/O,数据库,1
I/O,计算机科学,1
I/O,关系数据库,1
I/O,SQL,1
I/O,关系模型,1
I/O,计算复杂性理论,1
I/O,分治法,1
I/O,动态规划,1
I/O,贪心算法,1
程序设计,Apache_Hadoop,0
程序设计,并行编程模型,0
程序设计,数据仓库,0
程序设计,分布式数据库,0
程序设计,大数据,0
程序设计,Java,0
程序设计,MVC,0
程序设计,Java Servlet,0
程序设计,JSP,0
程序设计,软件工程 ,0
程序设计,操作系统,0
程序设计,文件系统,0
程序设计,中断,0
程序设计,虚拟机器,0
程序设计,I/O,0
程序设计,软件工程,0
程序设计,函数,1
程序设计,数组,1
程序设计,信息安全,0
程序设计,软件,0
程序设计,技术,0
程序设计,需求 (产品开发),0
程序设计,计算机网络,0
程序设计,传输控制协议,0
程序设计,互联网,0
程序设计,用户数据报协议,0
程序设计,局域网,0
程序设计,计算机硬件,0
程序设计,计算机存储器,0
程序设计,中央处理器,0
程序设计,指令,0
程序设计,离散数学,0
程序设计,图论,0
程序设计,矩阵,0
程序设计,关系 (数学),0
程序设计,数学模型,1
程序设计,面向对象程序设计,0
程序设计,高级语言,0
程序设计,C++,0
程序设计,异常处理,1
程序设计,函数重载,0
程序设计,流程图,1
程序设计,软件架构,0
程序设计,软件设计,0
程序设计,设计模式 (计算机),0
程序设计,软件复用,0
程序设计,UML,0
程序设计,软件项目管理,0
程序设计,项目管理,0
程序设计,配置管理,0
程序设计,工程管理,0
程序设计,软件测试,0
程序设计,单元测试,0
程序设计,软件质量,0
程序设计,数据结构,0
程序设计,算法,0
程序设计,时间复杂度,0
程序设计,数据库,0
程序设计,计算机科学,0
程序设计,关系数据库,0
程序设计,SQL,0
程序设计,关系模型,0
程序设计,计算复杂性理论,0
程序设计,分治法,0
程序设计,动态规划,0
程序设计,贪心算法,0
C语言,Apache_Hadoop,0
C语言,并行编程模型,0
C语言,数据仓库,0
C语言,分布式数据库,0
C语言,大数据,0
C语言,Java,0
C语言,MVC,0
C语言,Java Servlet,0
C语言,JSP,0
C语言,软件工程 ,0
C语言,操作系统,0
C语言,文件系统,0
C语言,虚拟机器,0
C语言,I/O,0
C语言,程序设计,1
C语言,软件工程,0
C语言,函数,1
C语言,数组,1
C语言,信息安全,0
C语言,软件,0
C语言,技术,1
C语言,需求 (产品开发),0
C语言,计算机网络,0
C语言,传输控制协议,0
C语言,互联网,0
C语言,用户数据报协议,0
C语言,局域网,0
C语言,计算机硬件,0
C语言,计算机存储器,0
C语言,中央处理器,0
C语言,指令,0
C语言,离散数学,0
C语言,图论,0
C语言,矩阵,0
C语言,关系 (数学),0
C语言,数学模型,1
C语言,面向对象程序设计,0
C语言,高级语言,0
C语言,C++,0
C语言,异常处理,0
C语言,函数重载,0
C语言,流程图,1
C语言,软件架构,0
C语言,软件设计,0
C语言,设计模式 (计算机),0
C语言,软件复用,0
C语言,UML,0
C语言,软件项目管理,0
C语言,项目管理,0
C语言,配置管理,0
C语言,工程管理,0
C语言,软件测试,0
C语言,单元测试,0
C语言,软件质量,0
C语言,数据结构,0
C语言,算法,1
C语言,时间复杂度,0
C语言,数据库,0
C语言,计算机科学,1
C语言,关系数据库,0
C语言,SQL,0
C语言,关系模型,0
C语言,计算复杂性理论,0
C语言,分治法,0
C语言,动态规划,0
C语言,贪心算法,0
软件工程,Apache_Hadoop,0
软件工程,并行编程模型,0
软件工程,数据仓库,0
软件工程,分布式数据库,0
软件工程,大数据,0
软件工程,Java,1
软件工程,MVC,0
软件工程,Java Servlet,0
软件工程,JSP,0
软件工程,软件工程 ,1
软件工程,操作系统,1
软件工程,文件系统,0
软件工程,中断,0
软件工程,虚拟机器,0
软件工程,I/O,0
软件工程,程序设计,1
软件工程,C语言,1
软件工程,软件,1
软件工程,需求 (产品开发),1
软件工程,计算机网络,0
软件工程,传输控制协议,0
软件工程,互联网,0
软件工程,用户数据报协议,0
软件工程,关系 (数学),1
软件工程,数学模型,1
软件工程,面向对象程序设计,1
软件工程,高级语言,1
软件工程,C++,1
软件工程,函数重载,1
软件工程,流程图,1
软件工程,软件架构,0
软件工程,设计模式 (计算机),1
软件工程,软件复用,0
软件工程,UML,1
软件工程,项目管理,1
软件工程,工程管理,1
软件工程,软件质量,1
软件工程,数据结构,1
软件工程,算法,1
软件工程,时间复杂度,1
软件工程,数据库,1
软件工程,计算机科学,1
软件工程,关系数据库,1
软件工程,SQL,1
软件工程,关系模型,1
软件工程,计算复杂性理论,1
软件工程,分治法,1
软件工程,动态规划,1
软件工程,贪心算法,1
函数,Apache_Hadoop,0
函数,并行编程模型,0
函数,数据仓库,0
函数,分布式数据库,0
函数,大数据,0
函数,Java,0
函数,MVC,0
函数,Java Servlet,0
函数,JSP,0
函数,软件工程 ,0
函数,操作系统,0
函数,文件系统,0
函数,中断,0
函数,虚拟机器,0
函数,I/O,0
函数,程序设计,0
函数,C语言,0
函数,软件工程,0
函数,数组,0
函数,软件,1
函数,需求 (产品开发),0
函数,计算机网络,0
函数,传输控制协议,0
函数,计算机硬件,0
函数,离散数学,0
函数,图论,0
函数,矩阵,0
函数,关系 (数学),0
函数,数学模型,0
函数,面向对象程序设计,0
函数,高级语言,0
函数,C++,0
函数,函数重载,0
函数,设计模式 (计算机),0
函数,软件复用,0
函数,UML,0
函数,软件项目管理,0
函数,项目管理,0
函数,算法,0
函数,时间复杂度,0
函数,数据库,0
函数,计算机科学,0
函数,计算复杂性理论,0
数组,Apache_Hadoop,0
数组,并行编程模型,0
数组,数据仓库,0
数组,分布式数据库,0
数组,大数据,0
数组,Java,0
数组,MVC,0
数组,Java Servlet,0
数组,JSP,0
数组,软件工程 ,0
数组,操作系统,0
数组,文件系统,0
数组,中断,0
数组,虚拟机器,0
数组,I/O,0
数组,程序设计,0
数组,C语言,0
数组,软件工程,0
数组,函数,1
数组,软件,1
数组,计算机网络,0
数组,传输控制协议,0
数组,计算机硬件,0
数组,离散数学,0
数组,矩阵,0
数组,面向对象程序设计,0
数组,高级语言,1
数组,C++,0
数组,函数重载,0
数组,设计模式 (计算机),0
数组,软件复用,0
数组,软件项目管理,0
数组,项目管理,0
数组,数据结构,0
信息安全,Apache_Hadoop,0
信息安全,并行编程模型,0
信息安全,数据仓库,0
信息安全,分布式数据库,0
信息安全,大数据,0
信息安全,Java,0
信息安全,MVC,0
信息安全,Java Servlet,0
信息安全,JSP,0
信息安全,软件工程 ,0
信息安全,操作系统,0
信息安全,文件系统,0
信息安全,中断,0
信息安全,虚拟机器,0
信息安全,I/O,0
信息安全,程序设计,1
信息安全,C语言,1
信息安全,软件工程,0
信息安全,计算机网络,1
信息安全,传输控制协议,1
信息安全,互联网,1
信息安全,用户数据报协议,0
信息安全,离散数学,1
信息安全,数学模型,1
信息安全,面向对象程序设计,1
信息安全,高级语言,1
信息安全,软件架构,0
信息安全,软件复用,0
信息安全,软件项目管理,0
信息安全,项目管理,0
信息安全,算法,1
信息安全,数据库,0
信息安全,关系数据库,1
信息安全,SQL,1
软件,Apache_Hadoop,0
软件,并行编程模型,0
软件,数据仓库,0
软件,分布式数据库,0
软件,大数据,0
软件,Java,0
软件,MVC,0
软件,Java Servlet,0
软件,JSP,0
软件,软件工程 ,0
软件,文件系统,0
软件,中断,0
软件,虚拟机器,0
软件,I/O,0
软件,软件工程,0
软件,函数,0
软件,数组,0
软件,技术,1
软件,需求 (产品开发),0
软件,计算机网络,0
软件,传输控制协议,0
软件,互联网,0
软件,用户数据报协议,0
软件,局域网,0
软件,计算机硬件,0
软件,高级语言,0
软件,C++,0
软件,异常处理,0
软件,流程图,0
软件,软件设计,0
软件,设计模式 (计算机),0
软件,软件复用,0
技术,Apache_Hadoop,0
技术,并行编程模型,0
技术,数据仓库,0
技术,分布式数据库,0
技术,大数据,0
技术,Java,0
技术,MVC,0
技术,Java Servlet,0
技术,JSP,0
技术,软件工程 ,0
技术,操作系统,0
技术,文件系统,0
技术,中断,0
技术,虚拟机器,0
技术,I/O,0
技术,程序设计,1
技术,C语言,0
技术,软件工程,0
技术,软件,0
技术,需求 (产品开发),0
技术,计算机网络,0
技术,互联网,0
技术,用户数据报协议,0
技术,局域网,0
技术,计算机硬件,0
技术,高级语言,0
技术,C++,0
技术,异常处理,0
技术,流程图,0
技术,软件架构,0
技术,软件设计,0
技术,设计模式 (计算机),0
技术,软件复用,0
技术,UML,0
技术,软件项目管理,0
技术,项目管理,0
技术,配置管理,0
技术,计算机科学,1
需求 (产品开发),Apache_Hadoop,0
需求 (产品开发),并行编程模型,0
需求 (产品开发),数据仓库,0
需求 (产品开发),分布式数据库,0
需求 (产品开发),大数据,0
需求 (产品开发),Java,1
需求 (产品开发),MVC,0
需求 (产品开发),软件工程 ,1
需求 (产品开发),操作系统,0
需求 (产品开发),文件系统,0
需求 (产品开发),中断,0
需求 (产品开发),虚拟机器,0
需求 (产品开发),I/O,0
需求 (产品开发),程序设计,1
需求 (产品开发),C语言,1
需求 (产品开发),软件工程,0
需求 (产品开发),函数,1
需求 (产品开发),软件,1
需求 (产品开发),技术,1
需求 (产品开发),计算机网络,1
需求 (产品开发),传输控制协议,1
需求 (产品开发),互联网,0
需求 (产品开发),用户数据报协议,0
需求 (产品开发),计算机硬件,1
需求 (产品开发),计算机存储器,1
需求 (产品开发),中央处理器,1
需求 (产品开发),指令,1
需求 (产品开发),面向对象程序设计,1
需求 (产品开发),高级语言,1
需求 (产品开发),软件设计,0
需求 (产品开发),设计模式 (计算机),0
需求 (产品开发),UML,1
需求 (产品开发),软件项目管理,0
需求 (产品开发),项目管理,0
需求 (产品开发),配置管理,1
需求 (产品开发),工程管理,1
需求 (产品开发),软件测试,1
需求 (产品开发),单元测试,1
需求 (产品开发),软件质量,1
计算机网络,Apache_Hadoop,0
计算机网络,并行编程模型,0
计算机网络,数据仓库,0
计算机网络,分布式数据库,0
计算机网络,大数据,0
计算机网络,Java,1
计算机网络,MVC,1
计算机网络,Java Servlet,1
计算机网络,JSP,1
计算机网络,软件工程 ,0
计算机网络,操作系统,1
计算机网络,文件系统,1
计算机网络,虚拟机器,1
计算机网络,I/O,1
计算机网络,程序设计,1
计算机网络,C语言,1
计算机网络,软件工程,1
计算机网络,函数,1
计算机网络,数组,1
计算机网络,信息安全,0
计算机网络,软件,1
计算机网络,技术,1
计算机网络,需求 (产品开发),0
计算机网络,传输控制协议,0
计算机网络,互联网,1
计算机网络,计算机硬件,1
计算机网络,计算机存储器,1
计算机网络,中央处理器,1
计算机网络,指令,1
计算机网络,面向对象程序设计,1
计算机网络,高级语言,1
计算机网络,C++,1
计算机网络,异常处理,1
计算机网络,函数重载,1
计算机网络,软件复用,0
计算机网络,数据结构,1
计算机网络,算法,1
计算机网络,时间复杂度,1
计算机网络,数据库,1
计算机网络,计算机科学,1
计算机网络,关系数据库,1
计算机网络,SQL,1
传输控制协议,Apache_Hadoop,0
传输控制协议,并行编程模型,0
传输控制协议,数据仓库,0
传输控制协议,分布式数据库,0
传输控制协议,大数据,0
传输控制协议,Java,0
传输控制协议,MVC,0
传输控制协议,Java Servlet,0
传输控制协议,JSP,0
传输控制协议,软件工程 ,1
传输控制协议,操作系统,1
传输控制协议,文件系统,1
传输控制协议,中断,1
传输控制协议,虚拟机器,1
传输控制协议,I/O,1
传输控制协议,程序设计,1
传输控制协议,C语言,1
传输控制协议,软件工程,1
传输控制协议,函数,1
传输控制协议,数组,1
传输控制协议,信息安全,0
传输控制协议,软件,1
传输控制协议,技术,1
传输控制协议,需求 (产品开发),0
传输控制协议,计算机网络,1
传输控制协议,互联网,1
传输控制协议,用户数据报协议,0
传输控制协议,局域网,1
传输控制协议,指令,1
传输控制协议,高级语言,1
传输控制协议,异常处理,1
传输控制协议,函数重载,1
传输控制协议,软件架构,1
传输控制协议,软件设计,1
传输控制协议,项目管理,1
传输控制协议,计算机科学,1
互联网,Apache_Hadoop,0
互联网,并行编程模型,0
互联网,数据仓库,0
互联网,分布式数据库,0
互联网,大数据,0
互联网,Java,1
互联网,MVC,1
互联网,Java Servlet,1
互联网,JSP,1
互联网,软件工程 ,1
互联网,操作系统,1
互联网,文件系统,1
互联网,中断,1
互联网,虚拟机器,1
互联网,I/O,1
互联网,程序设计,1
互联网,C语言,1
互联网,软件工程,1
互联网,信息安全,0
互联网,软件,1
互联网,技术,1
互联网,需求 (产品开发),1
互联网,传输控制协议,0
互联网,用户数据报协议,0
互联网,局域网,0
互联网,计算机存储器,1
互联网,中央处理器,1
互联网,指令,1
互联网,面向对象程序设计,1
互联网,高级语言,1
互联网,C++,1
互联网,异常处理,1
互联网,函数重载,1
互联网,软件架构,1
互联网,工程管理,1
互联网,软件测试,1
互联网,单元测试,1
互联网,软件质量,1
互联网,计算机科学,1
用户数据报协议,Apache_Hadoop,0
用户数据报协议,并行编程模型,0
用户数据报协议,数据仓库,0
用户数据报协议,分布式数据库,0
用户数据报协议,大数据,0
用户数据报协议,Java,1
用户数据报协议,MVC,1
用户数据报协议,Java Servlet,1
用户数据报协议,JSP,1
用户数据报协议,软件工程 ,1
用户数据报协议,操作系统,1
用户数据报协议,文件系统,1
用户数据报协议,中断,1
用户数据报协议,虚拟机器,1
用户数据报协议,I/O,1
用户数据报协议,程序设计,1
用户数据报协议,C语言,1
用户数据报协议,软件工程,1
用户数据报协议,信息安全,1
用户数据报协议,软件,1
用户数据报协议,技术,1
用户数据报协议,需求 (产品开发),1
用户数据报协议,计算机网络,1
用户数据报协议,传输控制协议,1
用户数据报协议,互联网,1
用户数据报协议,计算机存储器,1
用户数据报协议,中央处理器,1
用户数据报协议,面向对象程序设计,1
用户数据报协议,高级语言,1
用户数据报协议,C++,1
用户数据报协议,异常处理,1
用户数据报协议,函数重载,1
用户数据报协议,设计模式 (计算机),1
用户数据报协议,工程管理,1
用户数据报协议,软件测试,1
用户数据报协议,单元测试,1
用户数据报协议,软件质量,1
用户数据报协议,计算机科学,1
局域网,Apache_Hadoop,0
局域网,并行编程模型,0
局域网,数据仓库,0
局域网,分布式数据库,0
局域网,大数据,0
局域网,Java,1
局域网,MVC,1
局域网,Java Servlet,1
局域网,JSP,1
局域网,软件工程 ,0
局域网,操作系统,1
局域网,文件系统,1
局域网,中断,1
局域网,虚拟机器,1
局域网,I/O,1
局域网,程序设计,1
局域网,C语言,1
局域网,软件工程,0
局域网,函数,0
局域网,数组,0
局域网,信息安全,0
局域网,软件,1
局域网,技术,1
局域网,需求 (产品开发),0
局域网,计算机网络,1
局域网,传输控制协议,0
局域网,互联网,1
局域网,用户数据报协议,1
局域网,计算机硬件,1
局域网,计算机存储器,1
局域网,中央处理器,1
局域网,指令,1
局域网,面向对象程序设计,1
局域网,高级语言,1
局域网,C++,1
局域网,异常处理,1
局域网,函数重载,1
局域网,设计模式 (计算机),1
局域网,软件复用,1
局域网,软件项目管理,1
局域网,项目管理,1
局域网,配置管理,1
局域网,工程管理,1
局域网,计算机科学,1
计算机硬件,Apache_Hadoop,0
计算机硬件,并行编程模型,0
计算机硬件,数据仓库,0
计算机硬件,分布式数据库,0
计算机硬件,大数据,0
计算机硬件,Java,0
计算机硬件,MVC,0
计算机硬件,Java Servlet,0
计算机硬件,JSP,0
计算机硬件,软件工程 ,0
计算机硬件,操作系统,0
计算机硬件,文件系统,0
计算机硬件,中断,0
计算机硬件,虚拟机器,0
计算机硬件,I/O,1
计算机硬件,程序设计,1
计算机硬件,C语言,1
计算机硬件,软件工程,0
计算机硬件,函数,1
计算机硬件,数组,1
计算机硬件,信息安全,0
计算机硬件,软件,1
计算机硬件,技术,1
计算机硬件,需求 (产品开发),0
计算机硬件,计算机网络,0
计算机硬件,传输控制协议,0
计算机硬件,互联网,0
计算机硬件,用户数据报协议,0
计算机硬件,局域网,0
计算机硬件,计算机存储器,0
计算机硬件,中央处理器,0
计算机硬件,指令,0
计算机硬件,面向对象程序设计,1
计算机硬件,C++,0
计算机硬件,异常处理,0
计算机硬件,软件设计,0
计算机硬件,设计模式 (计算机),0
计算机硬件,项目管理,0
计算机硬件,配置管理,0
计算机硬件,计算机科学,1
计算机存储器,Apache_Hadoop,0
计算机存储器,并行编程模型,0
计算机存储器,数据仓库,0
计算机存储器,分布式数据库,0
计算机存储器,大数据,0
计算机存储器,Java,0
计算机存储器,MVC,0
计算机存储器,Java Servlet,0
计算机存储器,JSP,0
计算机存储器,软件工程 ,0
计算机存储器,操作系统,0
计算机存储器,文件系统,0
计算机存储器,中断,0
计算机存储器,虚拟机器,0
计算机存储器,I/O,1
计算机存储器,程序设计,1
计算机存储器,C语言,1
计算机存储器,软件工程,0
计算机存储器,函数,0
计算机存储器,数组,0
计算机存储器,信息安全,0
计算机存储器,软件,0
计算机存储器,技术,0
计算机存储器,需求 (产品开发),0
计算机存储器,计算机网络,0
计算机存储器,传输控制协议,0
计算机存储器,互联网,0
计算机存储器,用户数据报协议,0
计算机存储器,局域网,0
计算机存储器,计算机硬件,1
计算机存储器,中央处理器,1
计算机存储器,指令,1
计算机存储器,C++,0
计算机存储器,异常处理,0
计算机存储器,软件设计,0
计算机存储器,设计模式 (计算机),0
计算机存储器,软件复用,0
计算机存储器,配置管理,0
中央处理器,Apache_Hadoop,0
中央处理器,并行编程模型,0
中央处理器,数据仓库,0
中央处理器,分布式数据库,0
中央处理器,大数据,0
中央处理器,Java,0
中央处理器,MVC,0
中央处理器,Java Servlet,0
中央处理器,JSP,0
中央处理器,软件工程 ,0
中央处理器,操作系统,1
中央处理器,文件系统,1
中央处理器,中断,1
中央处理器,虚拟机器,0
中央处理器,I/O,1
中央处理器,程序设计,1
中央处理器,C语言,1
中央处理器,软件工程,0
中央处理器,函数,0
中央处理器,数组,0
中央处理器,信息安全,0
中央处理器,软件,0
中央处理器,技术,0
中央处理器,需求 (产品开发),0
中央处理器,计算机网络,0
中央处理器,传输控制协议,0
中央处理器,互联网,0
中央处理器,用户数据报协议,0
中央处理器,局域网,0
中央处理器,计算机硬件,1
中央处理器,计算机存储器,0
中央处理器,指令,1
中央处理器,C++,0
中央处理器,软件设计,0
中央处理器,设计模式 (计算机),0
中央处理器,配置管理,0
指令,Apache_Hadoop,0
指令,并行编程模型,0
指令,数据仓库,0
指令,分布式数据库,0
指令,大数据,0
指令,Java,0
指令,MVC,0
指令,Java Servlet,0
指令,JSP,0
指令,软件工程 ,0
指令,操作系统,0
指令,文件系统,1
指令,中断,0
指令,虚拟机器,0
指令,I/O,1
指令,程序设计,1
指令,C语言,1
指令,软件工程,0
指令,函数,0
指令,数组,0
指令,信息安全,0
指令,软件,0
指令,技术,0
指令,需求 (产品开发),0
指令,计算机网络,0
指令,传输控制协议,0
指令,互联网,0
指令,用户数据报协议,0
指令,局域网,0
指令,计算机硬件,1
指令,计算机存储器,0
指令,C++,0
指令,异常处理,0
指令,软件设计,0
指令,设计模式 (计算机),0
指令,配置管理,0
离散数学,Apache_Hadoop,0
离散数学,并行编程模型,0
离散数学,数据仓库,0
离散数学,分布式数据库,0
离散数学,大数据,0
离散数学,Java,0
离散数学,MVC,0
离散数学,Java Servlet,0
离散数学,JSP,0
离散数学,软件工程 ,0
离散数学,操作系统,0
离散数学,文件系统,0
离散数学,中断,0
离散数学,虚拟机器,0
离散数学,I/O,0
离散数学,程序设计,1
离散数学,C语言,1
离散数学,软件工程,0
离散数学,函数,1
离散数学,数组,1
离散数学,信息安全,0
离散数学,软件,0
离散数学,技术,0
离散数学,需求 (产品开发),0
离散数学,计算机网络,0
离散数学,传输控制协议,0
离散数学,互联网,0
离散数学,用户数据报协议,0
离散数学,局域网,0
离散数学,矩阵,1
离散数学,数学模型,1
离散数学,软件设计,0
离散数学,设计模式 (计算机),0
离散数学,软件复用,0
图论,Apache_Hadoop,0
图论,并行编程模型,0
图论,数据仓库,0
图论,分布式数据库,0
图论,大数据,0
图论,Java,0
图论,MVC,0
图论,Java Servlet,0
图论,JSP,0
图论,软件工程 ,0
图论,操作系统,0
图论,文件系统,0
图论,中断,0
图论,虚拟机器,0
图论,I/O,0
图论,程序设计,1
图论,C语言,1
图论,软件工程,0
图论,函数,1
图论,数组,0
图论,信息安全,0
图论,软件,0
图论,技术,0
图论,需求 (产品开发),0
图论,计算机网络,0
图论,传输控制协议,0
图论,互联网,0
图论,用户数据报协议,0
图论,离散数学,1
图论,矩阵,1
图论,关系 (数学),1
图论,软件设计,0
图论,设计模式 (计算机),0
图论,软件复用,0
图论,UML,0
图论,软件项目管理,0
图论,项目管理,0
矩阵,Apache_Hadoop,0
矩阵,并行编程模型,0
矩阵,数据仓库,0
矩阵,分布式数据库,0
矩阵,大数据,0
矩阵,Java,0
矩阵,MVC,0
矩阵,Java Servlet,0
矩阵,JSP,0
矩阵,软件工程 ,0
矩阵,操作系统,0
矩阵,文件系统,0
矩阵,中断,0
矩阵,虚拟机器,0
矩阵,I/O,0
矩阵,程序设计,1
矩阵,C语言,1
矩阵,软件工程,0
矩阵,函数,1
矩阵,数组,1
矩阵,信息安全,0
矩阵,软件,0
矩阵,技术,0
矩阵,需求 (产品开发),0
矩阵,计算机网络,0
矩阵,传输控制协议,0
矩阵,互联网,0
矩阵,用户数据报协议,0
矩阵,离散数学,0
矩阵,面向对象程序设计,0
矩阵,高级语言,0
矩阵,软件设计,0
矩阵,设计模式 (计算机),0
矩阵,软件复用,0
关系 (数学),Apache_Hadoop,0
关系 (数学),并行编程模型,0
关系 (数学),数据仓库,0
关系 (数学),分布式数据库,0
关系 (数学),大数据,0
关系 (数学),Java,0
关系 (数学),MVC,0
关系 (数学),Java Servlet,0
关系 (数学),JSP,0
关系 (数学),软件工程 ,0
关系 (数学),操作系统,0
关系 (数学),文件系统,0
关系 (数学),中断,0
关系 (数学),虚拟机器,0
关系 (数学),I/O,0
关系 (数学),程序设计,1
关系 (数学),C语言,1
关系 (数学),软件工程,0
关系 (数学),函数,1
关系 (数学),数组,0
关系 (数学),信息安全,0
关系 (数学),软件,0
关系 (数学),技术,0
关系 (数学),需求 (产品开发),0
关系 (数学),计算机网络,0
关系 (数学),传输控制协议,0
关系 (数学),互联网,0
关系 (数学),用户数据报协议,0
关系 (数学),离散数学,0
关系 (数学),图论,0
关系 (数学),数学模型,0
关系 (数学),面向对象程序设计,0
关系 (数学),高级语言,0
关系 (数学),C++,0
关系 (数学),流程图,0
关系 (数学),软件设计,0
关系 (数学),设计模式 (计算机),0
关系 (数学),软件复用,0
关系 (数学),UML,0
关系 (数学),软件项目管理,0
关系 (数学),项目管理,0
关系 (数学),软件测试,0
数学模型,Apache_Hadoop,0
数学模型,并行编程模型,0
数学模型,数据仓库,0
数学模型,分布式数据库,0
数学模型,大数据,0
数学模型,Java,0
数学模型,MVC,0
数学模型,Java Servlet,0
数学模型,JSP,0
数学模型,软件工程 ,0
数学模型,操作系统,0
数学模型,文件系统,0
数学模型,中断,0
数学模型,虚拟机器,0
数学模型,I/O,0
数学模型,程序设计,0
数学模型,C语言,0
数学模型,软件工程,0
数学模型,函数,1
数学模型,数组,0
数学模型,信息安全,0
数学模型,软件,0
数学模型,技术,0
数学模型,需求 (产品开发),0
数学模型,计算机网络,0
数学模型,传输控制协议,0
数学模型,互联网,0
数学模型,用户数据报协议,0
数学模型,离散数学,0
数学模型,关系 (数学),1
数学模型,面向对象程序设计,0
数学模型,高级语言,0
数学模型,C++,0
数学模型,软件设计,0
数学模型,设计模式 (计算机),0
数学模型,软件复用,0
数学模型,UML,0
数学模型,项目管理,0
数学模型,软件质量,0
数学模型,关系模型,0
面向对象程序设计,Apache_Hadoop,0
面向对象程序设计,并行编程模型,0
面向对象程序设计,数据仓库,0
面向对象程序设计,分布式数据库,0
面向对象程序设计,大数据,0
面向对象程序设计,Java,0
面向对象程序设计,MVC,0
面向对象程序设计,Java Servlet,0
面向对象程序设计,JSP,0
面向对象程序设计,软件工程 ,0
面向对象程序设计,操作系统,0
面向对象程序设计,文件系统,0
面向对象程序设计,中断,0
面向对象程序设计,虚拟机器,0
面向对象程序设计,I/O,0
面向对象程序设计,程序设计,1
面向对象程序设计,C语言,1
面向对象程序设计,软件工程,0
面向对象程序设计,函数,1
面向对象程序设计,数组,1
面向对象程序设计,信息安全,0
面向对象程序设计,软件,1
面向对象程序设计,技术,0
面向对象程序设计,需求 (产品开发),0
面向对象程序设计,计算机网络,0
面向对象程序设计,传输控制协议,0
面向对象程序设计,互联网,0
面向对象程序设计,用户数据报协议,0
面向对象程序设计,局域网,0
面向对象程序设计,计算机硬件,0
面向对象程序设计,矩阵,1
面向对象程序设计,关系 (数学),1
面向对象程序设计,数学模型,1
面向对象程序设计,C++,0
面向对象程序设计,函数重载,0
面向对象程序设计,流程图,1
面向对象程序设计,设计模式 (计算机),0
面向对象程序设计,软件复用,0
面向对象程序设计,软件项目管理,0
面向对象程序设计,数据结构,1
面向对象程序设计,算法,1
面向对象程序设计,时间复杂度,1
面向对象程序设计,数据库,0
高级语言,Apache_Hadoop,0
高级语言,并行编程模型,0
高级语言,数据仓库,0
高级语言,分布式数据库,0
高级语言,大数据,0
高级语言,Java,0
高级语言,MVC,0
高级语言,Java Servlet,0
高级语言,JSP,0
高级语言,软件工程 ,0
高级语言,操作系统,0
高级语言,文件系统,0
高级语言,中断,0
高级语言,虚拟机器,0
高级语言,I/O,0
高级语言,程序设计,1
高级语言,C语言,1
高级语言,软件工程,0
高级语言,函数,1
高级语言,数组,0
高级语言,信息安全,0
高级语言,软件,1
高级语言,技术,1
高级语言,需求 (产品开发),0
高级语言,计算机网络,0
高级语言,传输控制协议,0
高级语言,互联网,0
高级语言,用户数据报协议,0
高级语言,局域网,0
高级语言,计算机硬件,0
高级语言,计算机存储器,0
高级语言,中央处理器,0
高级语言,矩阵,1
高级语言,关系 (数学),1
高级语言,数学模型,1
高级语言,面向对象程序设计,0
高级语言,C++,1
高级语言,流程图,1
高级语言,软件设计,0
高级语言,设计模式 (计算机),0
高级语言,软件复用,0
高级语言,UML,0
高级语言,软件项目管理,0
高级语言,单元测试,0
高级语言,数据结构,1
高级语言,算法,1
高级语言,时间复杂度,1
C++,Apache_Hadoop,0
C++,并行编程模型,0
C++,数据仓库,0
C++,分布式数据库,0
C++,大数据,0
C++,Java,0
C++,MVC,0
C++,Java Servlet,0
C++,JSP,0
C++,软件工程 ,0
C++,操作系统,1
C++,文件系统,1
C++,中断,0
C++,虚拟机器,0
C++,I/O,0
C++,程序设计,1
C++,C语言,1
C++,软件工程,0
C++,函数,1
C++,数组,1
C++,信息安全,0
C++,软件,1
C++,技术,1
C++,需求 (产品开发),0
C++,计算机网络,0
C++,传输控制协议,0
C++,互联网,0
C++,用户数据报协议,0
C++,局域网,0
C++,计算机硬件,1
C++,计算机存储器,1
C++,中央处理器,1
C++,指令,1
C++,关系 (数学),1
C++,数学模型,1
C++,高级语言,0
C++,函数重载,0
C++,软件设计,0
C++,软件复用,0
C++,算法,1
C++,时间复杂度,0
C++,计算机科学,1
异常处理,Apache_Hadoop,0
异常处理,并行编程模型,0
异常处理,数据仓库,0
异常处理,分布式数据库,0
异常处理,大数据,0
异常处理,Java,0
异常处理,MVC,0
异常处理,Java Servlet,0
异常处理,JSP,0
异常处理,软件工程 ,0
异常处理,操作系统,1
异常处理,文件系统,1
异常处理,中断,1
异常处理,虚拟机器,1
异常处理,I/O,1
异常处理,程序设计,0
异常处理,C语言,1
异常处理,软件工程,0
异常处理,函数,0
异常处理,数组,0
异常处理,信息安全,0
异常处理,软件,1
异常处理,技术,1
异常处理,需求 (产品开发),0
异常处理,计算机网络,0
异常处理,传输控制协议,0
异常处理,互联网,0
异常处理,用户数据报协议,0
异常处理,局域网,0
异常处理,计算机硬件,1
异常处理,计算机存储器,1
异常处理,指令,1
异常处理,软件设计,0
异常处理,设计模式 (计算机),0
异常处理,软件复用,0
异常处理,软件项目管理,0
异常处理,配置管理,0
异常处理,软件质量,0
函数重载,Apache_Hadoop,0
函数重载,并行编程模型,0
函数重载,数据仓库,0
函数重载,分布式数据库,0
函数重载,大数据,0
函数重载,Java,1
函数重载,MVC,0
函数重载,Java Servlet,0
函数重载,JSP,0
函数重载,软件工程 ,0
函数重载,操作系统,0
函数重载,文件系统,0
函数重载,中断,0
函数重载,虚拟机器,0
函数重载,I/O,0
函数重载,程序设计,1
函数重载,C语言,1
函数重载,软件工程,0
函数重载,函数,1
函数重载,数组,1
函数重载,信息安全,0
函数重载,软件,0
函数重载,技术,0
函数重载,需求 (产品开发),0
函数重载,计算机网络,0
函数重载,传输控制协议,0
函数重载,互联网,0
函数重载,用户数据报协议,0
函数重载,局域网,0
函数重载,面向对象程序设计,1
函数重载,C++,1
函数重载,软件设计,0
函数重载,设计模式 (计算机),0
函数重载,软件复用,0
流程图,Apache_Hadoop,0
流程图,并行编程模型,0
流程图,数据仓库,0
流程图,分布式数据库,0
流程图,大数据,0
流程图,Java,0
流程图,MVC,0
流程图,Java Servlet,0
流程图,JSP,0
流程图,软件工程 ,1
流程图,操作系统,0
流程图,文件系统,0
流程图,中断,0
流程图,虚拟机器,0
流程图,I/O,0
流程图,程序设计,0
流程图,C语言,0
流程图,软件工程,0
流程图,函数,0
流程图,数组,0
流程图,信息安全,0
流程图,软件,1
流程图,技术,1
流程图,需求 (产品开发),1
流程图,计算机网络,0
流程图,传输控制协议,0
流程图,互联网,0
流程图,用户数据报协议,0
流程图,面向对象程序设计,0
流程图,高级语言,0
流程图,软件复用,0
流程图,UML,0
流程图,软件项目管理,0
流程图,项目管理,0
流程图,配置管理,0
流程图,软件质量,0
流程图,时间复杂度,0
软件架构,Apache_Hadoop,0
软件架构,并行编程模型,0
软件架构,数据仓库,0
软件架构,分布式数据库,0
软件架构,大数据,0
软件架构,Java,0
软件架构,MVC,0
软件架构,Java Servlet,0
软件架构,JSP,0
软件架构,软件工程 ,1
软件架构,操作系统,1
软件架构,文件系统,1
软件架构,中断,0
软件架构,虚拟机器,0
软件架构,I/O,0
软件架构,程序设计,1
软件架构,C语言,1
软件架构,软件工程,1
软件架构,函数,0
软件架构,数组,0
软件架构,信息安全,1
软件架构,软件,1
软件架构,技术,1
软件架构,需求 (产品开发),1
软件架构,计算机网络,0
软件架构,传输控制协议,0
软件架构,用户数据报协议,0
软件架构,局域网,0
软件架构,UML,1
软件架构,项目管理,1
软件架构,工程管理,1
软件架构,软件测试,1
软件架构,单元测试,1
软件架构,软件质量,1
软件架构,数据结构,1
软件架构,算法,1
软件架构,时间复杂度,1
软件架构,计算机科学,1
软件架构,关系数据库,0
软件设计,Apache_Hadoop,0
软件设计,并行编程模型,0
软件设计,数据仓库,0
软件设计,分布式数据库,0
软件设计,大数据,0
软件设计,Java,0
软件设计,MVC,0
软件设计,Java Servlet,0
软件设计,JSP,0
软件设计,软件工程 ,1
软件设计,操作系统,1
软件设计,文件系统,1
软件设计,中断,0
软件设计,虚拟机器,0
软件设计,I/O,1
软件设计,程序设计,1
软件设计,C语言,1
软件设计,软件工程,1
软件设计,函数,0
软件设计,数组,0
软件设计,信息安全,0
软件设计,软件,1
软件设计,技术,1
软件设计,需求 (产品开发),1
软件设计,计算机网络,0
软件设计,传输控制协议,0
软件设计,互联网,1
软件设计,用户数据报协议,0
软件设计,计算机硬件,1
软件设计,计算机存储器,1
软件设计,中央处理器,1
软件设计,指令,1
软件设计,离散数学,1
软件设计,图论,1
软件设计,矩阵,1
软件设计,关系 (数学),1
软件设计,数学模型,1
软件设计,面向对象程序设计,1
软件设计,高级语言,1
软件设计,C++,1
软件设计,异常处理,1
软件设计,函数重载,1
软件设计,UML,1
软件设计,项目管理,1
软件设计,工程管理,1
软件设计,软件测试,1
软件设计,单元测试,1
软件设计,软件质量,1
软件设计,数据结构,1
软件设计,算法,1
软件设计,时间复杂度,1
软件设计,数据库,1
软件设计,计算机科学,1
软件设计,关系数据库,1
软件设计,SQL,1
软件设计,关系模型,1
软件设计,计算复杂性理论,1
软件设计,分治法,1
软件设计,动态规划,1
设计模式 (计算机),Apache_Hadoop,0
设计模式 (计算机),并行编程模型,1
设计模式 (计算机),数据仓库,1
设计模式 (计算机),分布式数据库,1
设计模式 (计算机),大数据,1
设计模式 (计算机),Java,1
设计模式 (计算机),MVC,1
设计模式 (计算机),Java Servlet,1
设计模式 (计算机),JSP,1
设计模式 (计算机),软件工程 ,1
设计模式 (计算机),操作系统,1
设计模式 (计算机),中断,0
设计模式 (计算机),虚拟机器,1
设计模式 (计算机),I/O,1
设计模式 (计算机),程序设计,1
设计模式 (计算机),C语言,1
设计模式 (计算机),软件工程,0
设计模式 (计算机),函数,1
设计模式 (计算机),数组,1
设计模式 (计算机),信息安全,0
设计模式 (计算机),软件,1
设计模式 (计算机),技术,1
设计模式 (计算机),需求 (产品开发),1
设计模式 (计算机),计算机网络,0
设计模式 (计算机),传输控制协议,1
设计模式 (计算机),互联网,1
设计模式 (计算机),用户数据报协议,0
设计模式 (计算机),局域网,0
设计模式 (计算机),离散数学,1
设计模式 (计算机),图论,1
设计模式 (计算机),关系 (数学),1
设计模式 (计算机),数学模型,1
设计模式 (计算机),面向对象程序设计,1
设计模式 (计算机),高级语言,1
设计模式 (计算机),异常处理,1
设计模式 (计算机),函数重载,1
设计模式 (计算机),UML,1
设计模式 (计算机),工程管理,1
设计模式 (计算机),软件测试,1
设计模式 (计算机),单元测试,1
设计模式 (计算机),软件质量,1
设计模式 (计算机),数据结构,1
设计模式 (计算机),算法,1
设计模式 (计算机),时间复杂度,1
设计模式 (计算机),数据库,1
设计模式 (计算机),计算机科学,1
设计模式 (计算机),关系数据库,1
设计模式 (计算机),SQL,1
设计模式 (计算机),关系模型,1
设计模式 (计算机),分治法,1
设计模式 (计算机),动态规划,1
软件复用,Apache_Hadoop,1
软件复用,并行编程模型,1
软件复用,数据仓库,1
软件复用,分布式数据库,1
软件复用,大数据,1
软件复用,Java,1
软件复用,MVC,1
软件复用,Java Servlet,1
软件复用,JSP,1
软件复用,软件工程 ,1
软件复用,操作系统,1
软件复用,文件系统,0
软件复用,中断,1
软件复用,虚拟机器,1
软件复用,I/O,1
软件复用,程序设计,1
软件复用,软件工程,1
软件复用,函数,1
软件复用,数组,1
软件复用,信息安全,1
软件复用,软件,1
软件复用,技术,1
软件复用,需求 (产品开发),1
软件复用,计算机网络,1
软件复用,传输控制协议,1
软件复用,互联网,1
软件复用,用户数据报协议,1
软件复用,局域网,0
软件复用,计算机存储器,1
软件复用,离散数学,1
软件复用,图论,1
软件复用,矩阵,1
软件复用,关系 (数学),1
软件复用,数学模型,1
软件复用,面向对象程序设计,1
软件复用,高级语言,1
软件复用,异常处理,1
软件复用,函数重载,1
软件复用,流程图,1
软件复用,UML,1
软件复用,项目管理,1
软件复用,配置管理,1
软件复用,软件测试,1
软件复用,单元测试,1
软件复用,软件质量,1
软件复用,数据结构,1
软件复用,算法,1
软件复用,数据库,1
软件复用,计算机科学,1
软件复用,关系数据库,1
软件复用,SQL,1
软件复用,关系模型,1
软件复用,分治法,1
软件复用,动态规划,1
软件复用,贪心算法,1
UML,Apache_Hadoop,0
UML,并行编程模型,0
UML,数据仓库,0
UML,分布式数据库,0
UML,大数据,0
UML,Java,1
UML,MVC,0
UML,Java Servlet,0
UML,JSP,1
UML,软件工程 ,0
UML,操作系统,0
UML,文件系统,0
UML,中断,0
UML,虚拟机器,0
UML,I/O,0
UML,程序设计,1
UML,C语言,1
UML,软件工程,0
UML,函数,1
UML,数组,0
UML,信息安全,0
UML,软件,1
UML,技术,1
UML,需求 (产品开发),0
UML,计算机网络,0
UML,传输控制协议,0
UML,互联网,0
UML,用户数据报协议,0
UML,图论,1
UML,关系 (数学),1
UML,数学模型,1
UML,高级语言,1
UML,流程图,1
UML,软件架构,0
UML,软件设计,0
UML,设计模式 (计算机),0
UML,软件复用,0
UML,项目管理,1
UML,数据结构,1
UML,数据库,1
UML,计算机科学,1
UML,关系数据库,1
UML,关系模型,0
软件项目管理,Apache_Hadoop,0
软件项目管理,并行编程模型,1
软件项目管理,数据仓库,1
软件项目管理,分布式数据库,1
软件项目管理,大数据,1
软件项目管理,Java,0
软件项目管理,Java Servlet,1
软件项目管理,JSP,1
软件项目管理,软件工程 ,1
软件项目管理,操作系统,1
软件项目管理,文件系统,1
软件项目管理,中断,0
软件项目管理,虚拟机器,0
软件项目管理,I/O,1
软件项目管理,程序设计,1
软件项目管理,C语言,1
软件项目管理,软件工程,1
软件项目管理,函数,1
软件项目管理,数组,1
软件项目管理,信息安全,1
软件项目管理,软件,1
软件项目管理,技术,1
软件项目管理,需求 (产品开发),1
软件项目管理,计算机网络,0
软件项目管理,传输控制协议,1
软件项目管理,互联网,1
软件项目管理,用户数据报协议,0
软件项目管理,局域网,0
软件项目管理,图论,1
软件项目管理,关系 (数学),1
软件项目管理,面向对象程序设计,1
软件项目管理,高级语言,1
软件项目管理,异常处理,1
软件项目管理,流程图,1
软件项目管理,设计模式 (计算机),1
软件项目管理,工程管理,1
软件项目管理,软件测试,1
软件项目管理,单元测试,1
软件项目管理,软件质量,1
软件项目管理,算法,1
软件项目管理,时间复杂度,1
软件项目管理,数据库,1
软件项目管理,计算机科学,1
软件项目管理,关系数据库,1
软件项目管理,SQL,1
软件项目管理,关系模型,1
软件项目管理,动态规划,1
项目管理,Apache_Hadoop,1
项目管理,并行编程模型,0
项目管理,数据仓库,0
项目管理,分布式数据库,0
项目管理,大数据,0
项目管理,Java,0
项目管理,MVC,0
项目管理,Java Servlet,0
项目管理,JSP,0
项目管理,软件工程 ,1
项目管理,操作系统,1
项目管理,文件系统,1
项目管理,中断,0
项目管理,虚拟机器,0
项目管理,I/O,1
项目管理,程序设计,1
项目管理,C语言,1
项目管理,软件工程,0
项目管理,函数,1
项目管理,数组,1
项目管理,信息安全,1
项目管理,软件,1
项目管理,技术,1
项目管理,需求 (产品开发),1
项目管理,计算机网络,0
项目管理,传输控制协议,0
项目管理,互联网,1
项目管理,用户数据报协议,0
项目管理,局域网,0
项目管理,计算机硬件,1
项目管理,图论,1
项目管理,关系 (数学),1
项目管理,数学模型,1
项目管理,流程图,1
项目管理,软件架构,0
项目管理,软件设计,0
项目管理,软件复用,0
项目管理,UML,0
项目管理,软件项目管理,1
项目管理,工程管理,1
项目管理,单元测试,1
项目管理,算法,1
项目管理,计算机科学,1
项目管理,关系数据库,0
项目管理,关系模型,1
项目管理,动态规划,1
配置管理,Apache_Hadoop,0
配置管理,并行编程模型,0
配置管理,数据仓库,0
配置管理,分布式数据库,0
配置管理,大数据,0
配置管理,Java,0
配置管理,MVC,0
配置管理,Java Servlet,0
配置管理,JSP,0
配置管理,软件工程 ,1
配置管理,操作系统,1
配置管理,文件系统,1
配置管理,中断,0
配置管理,虚拟机器,1
配置管理,I/O,0
配置管理,程序设计,1
配置管理,C语言,1
配置管理,软件工程,1
配置管理,函数,0
配置管理,数组,0
配置管理,信息安全,0
配置管理,软件,1
配置管理,技术,1
配置管理,需求 (产品开发),0
配置管理,计算机网络,1
配置管理,互联网,1
配置管理,用户数据报协议,1
配置管理,局域网,0
配置管理,计算机硬件,1
配置管理,计算机存储器,1
配置管理,中央处理器,1
配置管理,指令,1
配置管理,C++,0
配置管理,异常处理,1
配置管理,流程图,1
配置管理,软件复用,0
配置管理,计算机科学,1
工程管理,Apache_Hadoop,0
工程管理,并行编程模型,0
工程管理,数据仓库,0
工程管理,分布式数据库,0
工程管理,大数据,0
工程管理,Java,0
工程管理,MVC,0
工程管理,Java Servlet,0
工程管理,JSP,0
工程管理,软件工程 ,1
工程管理,操作系统,0
工程管理,文件系统,1
工程管理,中断,0
工程管理,虚拟机器,1
工程管理,I/O,0
工程管理,程序设计,1
工程管理,C语言,1
工程管理,软件工程,0
工程管理,函数,0
工程管理,数组,0
工程管理,信息安全,0
工程管理,软件,0
工程管理,技术,0
工程管理,需求 (产品开发),0
工程管理,计算机网络,0
工程管理,传输控制协议,0
工程管理,互联网,0
工程管理,用户数据报协议,0
工程管理,局域网,0
工程管理,软件架构,0
工程管理,软件设计,0
工程管理,设计模式 (计算机),0
工程管理,软件项目管理,0
工程管理,项目管理,0
工程管理,配置管理,0
软件测试,Apache_Hadoop,0
软件测试,并行编程模型,0
软件测试,数据仓库,0
软件测试,分布式数据库,0
软件测试,大数据,0
软件测试,Java,0
软件测试,MVC,1
软件测试,JSP,0
软件测试,软件工程 ,1
软件测试,操作系统,1
软件测试,文件系统,1
软件测试,中断,1
软件测试,虚拟机器,0
软件测试,I/O,1
软件测试,程序设计,1
软件测试,C语言,1
软件测试,软件工程,0
软件测试,函数,0
软件测试,数组,0
软件测试,信息安全,0
软件测试,软件,0
软件测试,技术,0
软件测试,需求 (产品开发),0
软件测试,计算机网络,0
软件测试,传输控制协议,0
软件测试,互联网,0
软件测试,用户数据报协议,0
软件测试,软件架构,0
软件测试,软件设计,0
软件测试,软件复用,0
软件测试,软件项目管理,0
软件测试,配置管理,0
单元测试,Apache_Hadoop,0
单元测试,并行编程模型,0
单元测试,数据仓库,0
单元测试,分布式数据库,0
单元测试,大数据,0
单元测试,Java,0
单元测试,MVC,0
单元测试,Java Servlet,0
单元测试,JSP,0
单元测试,软件工程 ,0
单元测试,操作系统,1
单元测试,文件系统,0
单元测试,中断,1
单元测试,虚拟机器,0
单元测试,I/O,1
单元测试,程序设计,1
单元测试,C语言,1
单元测试,软件工程,0
单元测试,函数,0
单元测试,数组,0
单元测试,信息安全,0
单元测试,软件,0
单元测试,技术,0
单元测试,需求 (产品开发),0
单元测试,计算机网络,0
单元测试,传输控制协议,0
单元测试,互联网,0
单元测试,用户数据报协议,0
单元测试,软件架构,0
单元测试,设计模式 (计算机),0
单元测试,软件复用,0
单元测试,软件项目管理,0
单元测试,项目管理,0
单元测试,配置管理,0
软件质量,Apache_Hadoop,0
软件质量,并行编程模型,0
软件质量,数据仓库,0
软件质量,分布式数据库,0
软件质量,大数据,0
软件质量,Java,0
软件质量,MVC,0
软件质量,Java Servlet,0
软件质量,JSP,0
软件质量,软件工程 ,1
软件质量,中断,0
软件质量,虚拟机器,0
软件质量,I/O,0
软件质量,程序设计,1
软件质量,C语言,1
软件质量,软件工程,0
软件质量,函数,0
软件质量,数组,0
软件质量,信息安全,0
软件质量,软件,0
软件质量,技术,0
软件质量,需求 (产品开发),0
软件质量,计算机网络,0
软件质量,传输控制协议,0
软件质量,互联网,0
软件质量,用户数据报协议,0
软件质量,局域网,0
软件质量,计算机硬件,0
软件质量,计算机存储器,0
软件质量,中央处理器,0
软件质量,指令,0
软件质量,离散数学,0
软件质量,图论,0
软件质量,矩阵,0
软件质量,关系 (数学),0
软件质量,面向对象程序设计,0
软件质量,高级语言,0
软件质量,C++,0
软件质量,函数重载,0
软件质量,软件架构,0
软件质量,软件设计,0
软件质量,设计模式 (计算机),0
软件质量,软件复用,0
软件质量,UML,0
软件质量,软件项目管理,0
软件质量,项目管理,0
软件质量,配置管理,0
软件质量,工程管理,0
软件质量,软件测试,0
软件质量,单元测试,0
软件质量,时间复杂度,0
软件质量,数据库,0
软件质量,计算机科学,0
软件质量,关系数据库,0
软件质量,SQL,0
软件质量,关系模型,0
软件质量,分治法,0
软件质量,动态规划,0
软件质量,贪心算法,0
数据结构,Apache_Hadoop,0
数据结构,并行编程模型,0
数据结构,数据仓库,0
数据结构,分布式数据库,0
数据结构,大数据,0
数据结构,Java,0
数据结构,MVC,0
数据结构,Java Servlet,0
数据结构,JSP,0
数据结构,软件工程 ,0
数据结构,操作系统,0
数据结构,文件系统,0
数据结构,中断,0
数据结构,虚拟机器,0
数据结构,I/O,0
数据结构,程序设计,1
数据结构,C语言,1
数据结构,软件工程,0
数据结构,函数,0
数据结构,数组,1
数据结构,信息安全,0
数据结构,软件,0
数据结构,技术,0
数据结构,需求 (产品开发),0
数据结构,计算机网络,0
数据结构,传输控制协议,0
数据结构,互联网,0
数据结构,用户数据报协议,0
数据结构,局域网,0
数据结构,计算机硬件,0
数据结构,计算机存储器,0
数据结构,中央处理器,0
数据结构,指令,0
数据结构,离散数学,0
数据结构,图论,0
数据结构,矩阵,0
数据结构,关系 (数学),0
数据结构,数学模型,0
数据结构,面向对象程序设计,0
数据结构,高级语言,0
数据结构,C++,0
数据结构,异常处理,0
数据结构,函数重载,0
数据结构,流程图,0
数据结构,软件架构,0
数据结构,软件设计,0
数据结构,设计模式 (计算机),0
数据结构,软件复用,0
数据结构,UML,0
数据结构,软件项目管理,0
数据结构,项目管理,0
数据结构,配置管理,0
数据结构,工程管理,0
数据结构,软件测试,0
数据结构,单元测试,0
数据结构,软件质量,0
数据结构,算法,0
数据结构,时间复杂度,0
数据结构,数据库,0
数据结构,计算机科学,0
数据结构,关系数据库,0
数据结构,SQL,0
数据结构,关系模型,0
数据结构,计算复杂性理论,0
数据结构,分治法,0
数据结构,动态规划,0
数据结构,贪心算法,0
算法,Apache_Hadoop,0
算法,并行编程模型,0
算法,数据仓库,0
算法,分布式数据库,0
算法,大数据,0
算法,Java,0
算法,MVC,0
算法,Java Servlet,0
算法,JSP,0
算法,软件工程 ,0
算法,操作系统,0
算法,文件系统,0
算法,中断,0
算法,虚拟机器,0
算法,I/O,0
算法,程序设计,1
算法,C语言,0
算法,软件工程,0
算法,函数,1
算法,数组,0
算法,信息安全,0
算法,软件,0
算法,技术,0
算法,需求 (产品开发),0
算法,计算机网络,0
算法,传输控制协议,0
算法,互联网,0
算法,用户数据报协议,0
算法,局域网,0
算法,计算机硬件,0
算法,计算机存储器,0
算法,中央处理器,0
算法,指令,0
算法,离散数学,0
算法,图论,0
算法,矩阵,0
算法,关系 (数学),0
算法,数学模型,0
算法,面向对象程序设计,0
算法,高级语言,0
算法,C++,0
算法,异常处理,0
算法,函数重载,0
算法,流程图,0
算法,软件架构,0
算法,软件设计,0
算法,设计模式 (计算机),0
算法,软件复用,0
算法,UML,0
算法,软件项目管理,0
算法,项目管理,0
算法,配置管理,0
算法,工程管理,0
算法,软件测试,0
算法,单元测试,0
算法,软件质量,0
算法,数据结构,0
算法,时间复杂度,0
算法,数据库,0
算法,计算机科学,0
算法,关系数据库,0
算法,SQL,0
算法,关系模型,0
算法,计算复杂性理论,0
算法,动态规划,0
时间复杂度,Apache_Hadoop,0
时间复杂度,并行编程模型,0
时间复杂度,数据仓库,0
时间复杂度,分布式数据库,0
时间复杂度,大数据,0
时间复杂度,Java,0
时间复杂度,MVC,0
时间复杂度,Java Servlet,0
时间复杂度,JSP,0
时间复杂度,软件工程 ,0
时间复杂度,操作系统,0
时间复杂度,文件系统,0
时间复杂度,中断,0
时间复杂度,虚拟机器,0
时间复杂度,I/O,0
时间复杂度,程序设计,1
时间复杂度,软件工程,0
时间复杂度,函数,1
时间复杂度,数组,0
时间复杂度,信息安全,0
时间复杂度,软件,0
时间复杂度,技术,0
时间复杂度,需求 (产品开发),0
时间复杂度,计算机网络,0
时间复杂度,传输控制协议,0
时间复杂度,互联网,0
时间复杂度,用户数据报协议,0
时间复杂度,局域网,0
时间复杂度,计算机硬件,0
时间复杂度,计算机存储器,0
时间复杂度,中央处理器,0
时间复杂度,指令,0
时间复杂度,离散数学,0
时间复杂度,图论,0
时间复杂度,矩阵,0
时间复杂度,关系 (数学),0
时间复杂度,面向对象程序设计,0
时间复杂度,高级语言,0
时间复杂度,异常处理,0
时间复杂度,函数重载,0
时间复杂度,软件架构,0
时间复杂度,软件设计,0
时间复杂度,设计模式 (计算机),0
时间复杂度,软件复用,0
时间复杂度,UML,0
时间复杂度,软件项目管理,0
时间复杂度,项目管理,0
时间复杂度,配置管理,0
时间复杂度,工程管理,0
时间复杂度,软件测试,0
时间复杂度,单元测试,0
时间复杂度,软件质量,0
时间复杂度,数据结构,0
时间复杂度,算法,0
时间复杂度,数据库,0
时间复杂度,计算机科学,0
时间复杂度,关系数据库,0
时间复杂度,SQL,0
时间复杂度,关系模型,0
时间复杂度,计算复杂性理论,0
时间复杂度,分治法,0
时间复杂度,动态规划,0
数据库,Apache_Hadoop,0
数据库,并行编程模型,0
数据库,数据仓库,0
数据库,分布式数据库,0
数据库,大数据,0
数据库,Java,0
数据库,MVC,0
数据库,Java Servlet,0
数据库,JSP,0
数据库,软件工程 ,0
数据库,操作系统,0
数据库,文件系统,1
数据库,中断,0
数据库,虚拟机器,0
数据库,I/O,0
数据库,程序设计,1
数据库,C语言,1
数据库,软件工程,0
数据库,函数,1
数据库,数组,0
数据库,软件,0
数据库,技术,0
数据库,需求 (产品开发),0
数据库,计算机网络,0
数据库,传输控制协议,0
数据库,互联网,0
数据库,用户数据报协议,0
数据库,局域网,0
数据库,计算机硬件,0
数据库,计算机存储器,0
数据库,中央处理器,0
数据库,指令,0
数据库,离散数学,0
数据库,图论,0
数据库,矩阵,0
数据库,关系 (数学),0
数据库,数学模型,0
数据库,面向对象程序设计,0
数据库,高级语言,0
数据库,C++,0
数据库,异常处理,0
数据库,函数重载,0
数据库,流程图,0
数据库,软件架构,0
数据库,软件设计,0
数据库,设计模式 (计算机),0
数据库,软件复用,0
数据库,UML,0
数据库,软件项目管理,0
数据库,项目管理,0
数据库,配置管理,0
数据库,工程管理,0
数据库,软件测试,0
数据库,单元测试,0
数据库,软件质量,0
数据库,数据结构,0
数据库,算法,0
数据库,时间复杂度,0
数据库,计算机科学,0
数据库,SQL,0
数据库,关系模型,0
数据库,计算复杂性理论,0
数据库,分治法,0
数据库,动态规划,0
数据库,贪心算法,0
计算机科学,Apache_Hadoop,0
计算机科学,并行编程模型,0
计算机科学,数据仓库,0
计算机科学,分布式数据库,0
计算机科学,大数据,0
计算机科学,Java,0
计算机科学,MVC,0
计算机科学,Java Servlet,0
计算机科学,JSP,0
计算机科学,软件工程 ,0
计算机科学,操作系统,0
计算机科学,文件系统,0
计算机科学,中断,0
计算机科学,虚拟机器,0
计算机科学,I/O,0
计算机科学,程序设计,1
计算机科学,C语言,0
计算机科学,软件工程,0
计算机科学,函数,1
计算机科学,数组,0
计算机科学,信息安全,0
计算机科学,软件,0
计算机科学,技术,0
计算机科学,需求 (产品开发),0
计算机科学,计算机网络,0
计算机科学,传输控制协议,0
计算机科学,互联网,0
计算机科学,用户数据报协议,0
计算机科学,局域网,0
计算机科学,计算机硬件,0
计算机科学,计算机存储器,0
计算机科学,中央处理器,0
计算机科学,指令,0
计算机科学,离散数学,0
计算机科学,图论,0
计算机科学,矩阵,0
计算机科学,关系 (数学),0
计算机科学,数学模型,0
计算机科学,面向对象程序设计,0
计算机科学,高级语言,0
计算机科学,C++,0
计算机科学,异常处理,0
计算机科学,函数重载,0
计算机科学,流程图,0
计算机科学,软件架构,0
计算机科学,软件设计,0
计算机科学,设计模式 (计算机),0
计算机科学,软件复用,0
计算机科学,UML,0
计算机科学,软件项目管理,0
计算机科学,项目管理,0
计算机科学,配置管理,0
计算机科学,工程管理,0
计算机科学,软件测试,0
计算机科学,单元测试,0
计算机科学,软件质量,0
计算机科学,数据结构,0
计算机科学,算法,0
计算机科学,时间复杂度,0
计算机科学,数据库,0
计算机科学,关系数据库,0
计算机科学,SQL,0
计算机科学,关系模型,0
计算机科学,计算复杂性理论,0
计算机科学,分治法,0
计算机科学,动态规划,0
计算机科学,贪心算法,0
关系数据库,Apache_Hadoop,0
关系数据库,并行编程模型,0
关系数据库,数据仓库,0
关系数据库,分布式数据库,0
关系数据库,大数据,0
关系数据库,Java,0
关系数据库,MVC,0
关系数据库,Java Servlet,0
关系数据库,JSP,0
关系数据库,软件工程 ,0
关系数据库,操作系统,0
关系数据库,文件系统,0
关系数据库,中断,0
关系数据库,虚拟机器,0
关系数据库,I/O,0
关系数据库,程序设计,1
关系数据库,C语言,1
关系数据库,软件工程,0
关系数据库,函数,0
关系数据库,数组,0
关系数据库,信息安全,0
关系数据库,软件,0
关系数据库,技术,0
关系数据库,需求 (产品开发),0
关系数据库,计算机网络,0
关系数据库,传输控制协议,0
关系数据库,互联网,0
关系数据库,用户数据报协议,0
关系数据库,局域网,0
关系数据库,计算机硬件,0
关系数据库,计算机存储器,0
关系数据库,中央处理器,0
关系数据库,指令,0
关系数据库,离散数学,0
关系数据库,图论,0
关系数据库,矩阵,0
关系数据库,关系 (数学),0
关系数据库,数学模型,0
关系数据库,面向对象程序设计,0
关系数据库,高级语言,0
关系数据库,C++,0
关系数据库,异常处理,0
关系数据库,函数重载,0
关系数据库,流程图,0
关系数据库,软件架构,0
关系数据库,软件设计,0
关系数据库,设计模式 (计算机),0
关系数据库,软件复用,0
关系数据库,UML,0
关系数据库,软件项目管理,0
关系数据库,项目管理,0
关系数据库,配置管理,0
关系数据库,工程管理,0
关系数据库,软件测试,0
关系数据库,单元测试,0
关系数据库,软件质量,0
关系数据库,数据结构,0
关系数据库,算法,0
关系数据库,时间复杂度,0
关系数据库,数据库,0
关系数据库,计算机科学,0
关系数据库,SQL,0
关系数据库,关系模型,0
关系数据库,计算复杂性理论,0
SQL,Apache_Hadoop,0
SQL,并行编程模型,0
SQL,数据仓库,0
SQL,分布式数据库,0
SQL,大数据,0
SQL,Java,0
SQL,MVC,0
SQL,Java Servlet,0
SQL,JSP,0
SQL,软件工程 ,0
SQL,操作系统,0
SQL,文件系统,0
SQL,中断,0
SQL,虚拟机器,0
SQL,I/O,0
SQL,程序设计,1
SQL,C语言,1
SQL,软件工程,0
SQL,函数,0
SQL,数组,0
SQL,信息安全,0
SQL,软件,0
SQL,技术,0
SQL,需求 (产品开发),0
SQL,计算机网络,0
SQL,传输控制协议,0
SQL,互联网,0
SQL,用户数据报协议,0
SQL,局域网,0
SQL,计算机硬件,0
SQL,计算机存储器,0
SQL,中央处理器,0
SQL,指令,0
SQL,离散数学,0
SQL,图论,0
SQL,矩阵,0
SQL,关系 (数学),0
SQL,数学模型,0
SQL,面向对象程序设计,0
SQL,高级语言,0
SQL,C++,0
SQL,异常处理,0
SQL,函数重载,0
SQL,流程图,0
SQL,软件架构,0
SQL,软件设计,0
SQL,设计模式 (计算机),0
SQL,软件复用,0
SQL,UML,0
SQL,软件项目管理,0
SQL,项目管理,0
SQL,配置管理,0
SQL,工程管理,0
SQL,软件测试,0
SQL,单元测试,0
SQL,软件质量,0
SQL,数据结构,0
SQL,算法,0
SQL,时间复杂度,0
SQL,数据库,0
SQL,计算机科学,0
SQL,计算复杂性理论,0
SQL,分治法,0
SQL,动态规划,0
SQL,贪心算法,0
关系模型,Apache_Hadoop,0
关系模型,并行编程模型,0
关系模型,数据仓库,0
关系模型,分布式数据库,0
关系模型,大数据,0
关系模型,Java,0
关系模型,MVC,0
关系模型,Java Servlet,0
关系模型,JSP,0
关系模型,软件工程 ,0
关系模型,操作系统,0
关系模型,文件系统,0
关系模型,中断,0
关系模型,虚拟机器,0
关系模型,I/O,0
关系模型,程序设计,1
关系模型,C语言,1
关系模型,软件工程,0
关系模型,函数,0
关系模型,数组,0
关系模型,信息安全,0
关系模型,软件,0
关系模型,技术,0
关系模型,需求 (产品开发),0
关系模型,计算机网络,0
关系模型,传输控制协议,0
关系模型,互联网,0
关系模型,用户数据报协议,0
关系模型,局域网,0
关系模型,计算机硬件,0
关系模型,计算机存储器,0
关系模型,中央处理器,0
关系模型,指令,0
关系模型,离散数学,0
关系模型,图论,0
关系模型,矩阵,0
关系模型,关系 (数学),0
关系模型,数学模型,0
关系模型,面向对象程序设计,0
关系模型,高级语言,0
关系模型,C++,0
关系模型,异常处理,0
关系模型,函数重载,0
关系模型,流程图,0
关系模型,软件架构,0
关系模型,软件设计,0
关系模型,设计模式 (计算机),0
关系模型,软件复用,0
关系模型,UML,0
关系模型,软件项目管理,0
关系模型,项目管理,0
关系模型,配置管理,0
关系模型,工程管理,0
关系模型,软件测试,0
关系模型,单元测试,0
关系模型,软件质量,0
关系模型,数据结构,0
关系模型,算法,0
关系模型,时间复杂度,0
关系模型,数据库,0
关系模型,计算机科学,0
关系模型,关系数据库,0
关系模型,SQL,0
关系模型,计算复杂性理论,0
关系模型,分治法,0
关系模型,动态规划,0
关系模型,贪心算法,0
计算复杂性理论,Apache_Hadoop,0
计算复杂性理论,并行编程模型,0
计算复杂性理论,数据仓库,0
计算复杂性理论,分布式数据库,0
计算复杂性理论,大数据,0
计算复杂性理论,Java,0
计算复杂性理论,MVC,0
计算复杂性理论,Java Servlet,0
计算复杂性理论,JSP,0
计算复杂性理论,软件工程 ,0
计算复杂性理论,操作系统,0
计算复杂性理论,文件系统,0
计算复杂性理论,中断,0
计算复杂性理论,虚拟机器,0
计算复杂性理论,I/O,0
计算复杂性理论,程序设计,1
计算复杂性理论,C语言,1
计算复杂性理论,软件工程,0
计算复杂性理论,函数,1
计算复杂性理论,数组,0
计算复杂性理论,信息安全,0
计算复杂性理论,软件,0
计算复杂性理论,技术,0
计算复杂性理论,需求 (产品开发),0
计算复杂性理论,计算机网络,0
计算复杂性理论,传输控制协议,0
计算复杂性理论,互联网,0
计算复杂性理论,用户数据报协议,0
计算复杂性理论,局域网,0
计算复杂性理论,计算机硬件,0
计算复杂性理论,计算机存储器,0
计算复杂性理论,中央处理器,0
计算复杂性理论,指令,0
计算复杂性理论,离散数学,0
计算复杂性理论,图论,0
计算复杂性理论,矩阵,0
计算复杂性理论,关系 (数学),0
计算复杂性理论,数学模型,0
计算复杂性理论,面向对象程序设计,0
计算复杂性理论,高级语言,0
计算复杂性理论,C++,0
计算复杂性理论,异常处理,0
计算复杂性理论,函数重载,0
计算复杂性理论,流程图,0
计算复杂性理论,软件架构,0
计算复杂性理论,软件设计,0
计算复杂性理论,设计模式 (计算机),0
计算复杂性理论,软件复用,0
计算复杂性理论,UML,0
计算复杂性理论,软件项目管理,0
计算复杂性理论,项目管理,0
计算复杂性理论,配置管理,0
计算复杂性理论,工程管理,0
计算复杂性理论,软件测试,0
计算复杂性理论,单元测试,0
计算复杂性理论,软件质量,0
计算复杂性理论,数据结构,0
计算复杂性理论,算法,0
计算复杂性理论,时间复杂度,0
计算复杂性理论,数据库,0
计算复杂性理论,计算机科学,0
计算复杂性理论,关系数据库,0
计算复杂性理论,SQL,0
计算复杂性理论,关系模型,0
计算复杂性理论,分治法,0
计算复杂性理论,动态规划,0
计算复杂性理论,贪心算法,0
分治法,Apache_Hadoop,0
分治法,并行编程模型,0
分治法,数据仓库,0
分治法,分布式数据库,0
分治法,大数据,0
分治法,Java,0
分治法,MVC,0
分治法,Java Servlet,0
分治法,JSP,0
分治法,软件工程 ,0
分治法,操作系统,0
分治法,文件系统,0
分治法,中断,0
分治法,虚拟机器,0
分治法,I/O,0
分治法,程序设计,1
分治法,C语言,1
分治法,软件工程,0
分治法,函数,0
分治法,数组,0
分治法,信息安全,0
分治法,软件,0
分治法,技术,0
分治法,需求 (产品开发),0
分治法,计算机网络,0
分治法,传输控制协议,0
分治法,互联网,0
分治法,用户数据报协议,0
分治法,局域网,0
分治法,计算机硬件,0
分治法,计算机存储器,0
分治法,中央处理器,0
分治法,指令,0
分治法,离散数学,0
分治法,图论,0
分治法,矩阵,0
分治法,关系 (数学),0
分治法,数学模型,0
分治法,面向对象程序设计,0
分治法,高级语言,0
分治法,C++,0
分治法,异常处理,0
分治法,函数重载,0
分治法,流程图,0
分治法,软件架构,0
分治法,软件设计,0
分治法,设计模式 (计算机),0
分治法,软件复用,0
分治法,UML,0
分治法,软件项目管理,0
分治法,项目管理,0
分治法,配置管理,0
分治法,工程管理,0
分治法,软件测试,0
分治法,单元测试,0
分治法,软件质量,0
分治法,数据结构,0
分治法,算法,0
分治法,时间复杂度,0
分治法,数据库,0
分治法,计算机科学,0
分治法,关系数据库,0
分治法,SQL,0
分治法,关系模型,0
分治法,计算复杂性理论,0
分治法,动态规划,0
分治法,贪心算法,0
动态规划,Apache_Hadoop,0
动态规划,并行编程模型,0
动态规划,数据仓库,0
动态规划,分布式数据库,0
动态规划,大数据,0
动态规划,Java,0
动态规划,MVC,0
动态规划,Java Servlet,0
动态规划,JSP,0
动态规划,软件工程 ,0
动态规划,操作系统,0
动态规划,文件系统,0
动态规划,中断,0
动态规划,虚拟机器,0
动态规划,I/O,0
动态规划,程序设计,1
动态规划,C语言,1
动态规划,软件工程,0
动态规划,函数,0
动态规划,数组,0
动态规划,信息安全,0
动态规划,软件,0
动态规划,技术,0
动态规划,需求 (产品开发),0
动态规划,计算机网络,0
动态规划,传输控制协议,0
动态规划,互联网,0
动态规划,用户数据报协议,0
动态规划,局域网,0
动态规划,计算机硬件,0
动态规划,计算机存储器,0
动态规划,中央处理器,0
动态规划,指令,0
动态规划,离散数学,0
动态规划,图论,0
动态规划,矩阵,0
动态规划,关系 (数学),0
动态规划,数学模型,0
动态规划,面向对象程序设计,0
动态规划,高级语言,0
动态规划,C++,0
动态规划,异常处理,0
动态规划,函数重载,0
动态规划,流程图,0
动态规划,软件架构,0
动态规划,软件设计,0
动态规划,设计模式 (计算机),0
动态规划,软件复用,0
动态规划,UML,0
动态规划,软件项目管理,0
动态规划,项目管理,0
动态规划,配置管理,0
动态规划,工程管理,0
动态规划,软件测试,0
动态规划,单元测试,0
动态规划,软件质量,0
动态规划,数据结构,0
动态规划,算法,0
动态规划,时间复杂度,0
动态规划,数据库,0
动态规划,计算机科学,0
动态规划,关系数据库,0
动态规划,SQL,0
动态规划,关系模型,0
动态规划,计算复杂性理论,0
动态规划,分治法,0
动态规划,贪心算法,0
贪心算法,Apache_Hadoop,0
贪心算法,并行编程模型,0
贪心算法,数据仓库,0
贪心算法,分布式数据库,0
贪心算法,大数据,0
贪心算法,Java,0
贪心算法,MVC,0
贪心算法,Java Servlet,0
贪心算法,JSP,0
贪心算法,软件工程 ,0
贪心算法,操作系统,0
贪心算法,文件系统,0
贪心算法,中断,0
贪心算法,虚拟机器,0
贪心算法,I/O,0
贪心算法,程序设计,1
贪心算法,C语言,1
贪心算法,软件工程,0
贪心算法,函数,0
贪心算法,数组,0
贪心算法,信息安全,0
贪心算法,软件,0
贪心算法,技术,0
贪心算法,需求 (产品开发),0
贪心算法,计算机网络,0
贪心算法,传输控制协议,0
贪心算法,互联网,0
贪心算法,用户数据报协议,0
贪心算法,局域网,0
贪心算法,计算机硬件,0
贪心算法,计算机存储器,0
贪心算法,中央处理器,0
贪心算法,指令,0
贪心算法,离散数学,0
贪心算法,图论,0
贪心算法,矩阵,0
贪心算法,关系 (数学),0
贪心算法,数学模型,0
贪心算法,面向对象程序设计,0
贪心算法,高级语言,0
贪心算法,C++,0
贪心算法,异常处理,0
贪心算法,函数重载,0
贪心算法,流程图,0
贪心算法,软件架构,0
贪心算法,软件设计,0
贪心算法,设计模式 (计算机),0
贪心算法,软件复用,0
贪心算法,UML,0
贪心算法,软件项目管理,0
贪心算法,项目管理,0
贪心算法,配置管理,0
贪心算法,工程管理,0
贪心算法,软件测试,0
贪心算法,单元测试,0
贪心算法,软件质量,0
贪心算法,数据结构,0
贪心算法,算法,0
贪心算法,时间复杂度,0
贪心算法,数据库,0
贪心算法,计算机科学,0
贪心算法,关系数据库,0
贪心算法,SQL,0
贪心算法,关系模型,0
贪心算法,计算复杂性理论,0
贪心算法,分治法,0
贪心算法,动态规划,0
